Qual,Area,Price,prediction
7,1710,0.2085,0.19616666666666668
6,1262,0.1815,0.18325
7,1786,0.2235,0.2235
7,1717,0.14,0.16375
8,2198,0.25,0.25
5,1362,0.143,0.143
8,1694,0.307,0.30229999999999996
7,2090,0.2,0.20375
7,1774,0.1299,0.1299
5,1077,0.118,0.0925
5,1040,0.1295,0.133
9,2324,0.345,0.345
5,912,0.144,0.12454545454545456
7,1494,0.2795,0.23850000000000002
6,1253,0.157,0.157
7,854,0.132,0.132
6,1004,0.149,0.14200000000000002
4,1296,0.09,0.09
5,1114,0.159,0.14850000000000002
5,1339,0.139,0.139
8,2376,0.3253,0.3253
7,1108,0.1394,0.1394
8,1795,0.23,0.21566666666666667
5,1060,0.1299,0.14013333333333333
5,1060,0.154,0.14013333333333333
8,1600,0.2563,0.2563
5,900,0.1348,0.12660000000000002
8,1704,0.306,0.306
5,1600,0.2075,0.2075
4,520,0.0685,0.0685
4,1317,0.04,0.04
5,1228,0.14935,0.14935
8,1234,0.1799,0.1799
5,1700,0.1655,0.1655
9,1561,0.2775,0.2775
8,2452,0.309,0.28800000000000003
5,1097,0.145,0.14645
5,1297,0.153,0.153
5,1057,0.109,0.126
4,1152,0.082,0.077
6,1324,0.16,0.1605
5,1328,0.17,0.14975
5,884,0.144,0.133
5,938,0.13025,0.13025
5,1150,0.141,0.13975
9,1752,0.3199,0.3199
7,2149,0.239686,0.239686
8,1656,0.2497,0.2497
4,1452,0.113,0.113
5,955,0.127,0.127
6,1470,0.177,0.16693750000000002
6,1176,0.1145,0.1247
5,816,0.11,0.12051111111111111
9,1842,0.385,0.385
5,1360,0.13,0.126625
6,1425,0.1805,0.1805
8,1739,0.1725,0.1725
7,1720,0.1965,0.2071
10,2945,0.43878,0.43878
5,780,0.1249,0.1249
6,1158,0.158,0.14049999999999999
5,1111,0.101,0.098
8,1370,0.2025,0.20375
7,1710,0.14,0.19616666666666668
7,2034,0.2195,0.2195
8,2473,0.317,0.317
7,2207,0.18,0.18
7,1479,0.226,0.19174999999999998
4,747,0.08,0.07995
7,2287,0.225,0.225
7,2223,0.244,0.244
4,845,0.1295,0.10675000000000001
7,1718,0.185,0.2115
5,1086,0.1449,0.152425
3,1605,0.1074,0.1074
4,988,0.091,0.09696666666666666
4,952,0.13575,0.092944
5,1285,0.127,0.127
4,1768,0.1365,0.1365
5,1230,0.11,0.11
6,2142,0.1935,0.1935
6,1337,0.1535,0.16662500000000002
8,1563,0.245,0.245
5,1065,0.1265,0.1265
7,1474,0.1685,0.1685
8,2417,0.26,0.26
6,1560,0.174,0.1783
6,1224,0.1645,0.1500466
3,1526,0.085,0.085
4,990,0.1236,0.1236
4,1040,0.1099,0.11071666666666667
5,1235,0.0986,0.0986
5,964,0.1635,0.15050000000000002
6,2291,0.1339,0.1339
6,1786,0.20475,0.20475
6,1470,0.185,0.16693750000000002
7,1588,0.214,0.214
4,960,0.09475,0.11320833333333331
5,835,0.083,0.083
4,1225,0.12895,0.12895
6,1610,0.205,0.205
6,1732,0.178,0.178
5,1535,0.118964,0.11889333333333334
7,1226,0.1989,0.1989
7,1818,0.1695,0.1695
8,1992,0.25,0.25
4,1047,0.1,0.1
5,789,0.115,0.10575000000000001
5,1517,0.115,0.115
6,1844,0.19,0.20650000000000002
6,1855,0.1369,0.16194999999999998
7,1430,0.18,0.17221999999999998
7,2696,0.38397,0.38397
6,2259,0.217,0.217
6,2320,0.2595,0.2595
6,1458,0.176,0.13674999999999998
5,1092,0.139,0.13090000000000002
5,1125,0.155,0.155
7,3222,0.32,0.32
6,1456,0.16399,0.15250125
6,988,0.18,0.16475
4,1123,0.1,0.1
6,1080,0.136,0.135
6,1199,0.1539,0.1539
6,1586,0.181,0.181
6,754,0.0845,0.0845
6,958,0.128,0.14108333333333334
5,840,0.087,0.087
6,1348,0.155,0.155
5,1053,0.15,0.1394
7,2157,0.226,0.226
6,2054,0.244,0.244
5,1327,0.15075,0.15075
8,1296,0.22,0.22
5,1721,0.18,0.16249999999999998
7,1682,0.174,0.174
5,1214,0.143,0.13333333333333333
7,1959,0.171,0.193
8,1852,0.23,0.23
6,1764,0.2315,0.2315
4,864,0.115,0.10781346153846154
7,1734,0.26,0.26
5,1385,0.166,0.166
7,1501,0.204,0.217225
5,1728,0.125,0.14168055555555556
6,1709,0.13,0.1575
5,875,0.105,0.105
7,2035,0.2225,0.2225
7,1080,0.141,0.14237
5,1344,0.115,0.13410000000000002
5,969,0.122,0.122
8,1710,0.372402,0.372402
6,1993,0.19,0.19
6,1252,0.235,0.16533333333333333
6,1200,0.125,0.15583333333333335
6,1096,0.079,0.12056666666666667
5,1040,0.1095,0.133
8,1968,0.2695,0.2695
7,1947,0.2549,0.2549
7,2462,0.32,0.32
6,1232,0.1625,0.146
9,2668,0.4125,0.4125
7,1541,0.22,0.2125
4,882,0.1032,0.11460000000000001
6,1616,0.152,0.152
5,1355,0.1275,0.13375
5,1867,0.19,0.19
8,2161,0.325624,0.325624
7,1720,0.1835,0.2071
8,1707,0.228,0.228
5,1382,0.1285,0.14075
6,1656,0.215,0.215
7,1767,0.239,0.239
6,1362,0.163,0.173175
6,1651,0.184,0.184
6,2158,0.243,0.243
6,2060,0.211,0.211
5,1920,0.1725,0.15475
9,2234,0.501837,0.501837
5,968,0.1,0.1
6,1525,0.177,0.18025
7,1802,0.2001,0.2001
5,1340,0.12,0.12
7,2082,0.2,0.2
5,1252,0.127,0.127
10,3608,0.475,0.475
7,1217,0.173,0.173
5,1656,0.135,0.132
5,1224,0.153337,0.13061233333333333
8,1593,0.286,0.286
8,2727,0.315,0.315
7,1479,0.184,0.19174999999999998
7,1431,0.192,0.192
7,1709,0.13,0.1325
5,864,0.127,0.12003537500000001
6,1456,0.1485,0.15250125
7,1726,0.311872,0.311872
8,3112,0.235,0.235
6,2229,0.104,0.104
8,1713,0.2749,0.2749
4,1121,0.14,0.14
6,1279,0.1715,0.1715
6,1310,0.112,0.112
6,848,0.149,0.14280384615384617
5,1284,0.11,0.11
7,1442,0.1805,0.1802
5,1696,0.1439,0.1439
4,1100,0.141,0.141
7,2062,0.277,0.277
6,1092,0.145,0.10966666666666668
5,864,0.098,0.12003537500000001
6,1212,0.186,0.16849999999999998
7,1852,0.252678,0.252678
5,990,0.156,0.14414285714285713
6,1392,0.16175,0.14591666666666667
5,1236,0.13445,0.13472499999999998
7,1436,0.21,0.2175
4,1328,0.107,0.107
7,1954,0.3115,0.3115
7,1248,0.16724,0.16724
7,1498,0.2049,0.2049
6,2267,0.2,0.2
6,1552,0.1799,0.1799
4,864,0.097,0.10781346153846154
10,2392,0.38625,0.38625
5,1302,0.112,0.1123125
7,2520,0.29,0.29
6,987,0.106,0.09869166666666666
5,912,0.125,0.12454545454545456
7,1555,0.1925,0.18325
6,1194,0.148,0.15375
8,2794,0.403,0.403
6,987,0.0945,0.09869166666666666
5,894,0.1282,0.12874583333333334
6,1960,0.2165,0.2165
6,987,0.0895,0.09869166666666666
7,1414,0.1855,0.18008000000000002
7,1744,0.1945,0.1945
8,1694,0.318,0.30229999999999996
6,1487,0.113,0.113
8,1566,0.2625,0.20625
5,866,0.1105,0.1105
5,1440,0.079,0.146125
6,1217,0.12,0.1355
7,2110,0.205,0.22449999999999998
7,1872,0.2415,0.2415
6,1928,0.137,0.137
6,1375,0.14,0.1405
7,1668,0.18,0.144
6,2144,0.277,0.277
3,1306,0.0765,0.0765
8,1625,0.235,0.305
6,1640,0.173,0.1985
6,1302,0.158,0.18733333333333335
5,1314,0.145,0.145
7,2291,0.23,0.23
6,1728,0.2075,0.1792
7,1604,0.22,0.22
7,1792,0.2315,0.2315
5,882,0.097,0.108
6,1382,0.176,0.176
8,2574,0.276,0.276
6,1212,0.151,0.16849999999999998
5,1316,0.13,0.11
5,764,0.073,0.073
6,1422,0.1755,0.17425
6,1511,0.185,0.185
5,2192,0.1795,0.1795
5,778,0.1205,0.1205
6,1113,0.148,0.148
8,1939,0.266,0.266
7,1363,0.2415,0.2415
8,2270,0.29,0.29
6,1632,0.139,0.156
5,816,0.1245,0.12051111111111111
7,1548,0.205,0.215
7,1560,0.201,0.201
4,864,0.141,0.10781346153846154
9,2121,0.415298,0.415298
7,2022,0.192,0.192
7,1982,0.2285,0.2285
6,1262,0.185,0.18325
7,1314,0.2075,0.21875
8,1468,0.2446,0.24225000000000002
6,1575,0.1792,0.1671
7,1250,0.1647,0.1683
6,1734,0.159,0.159
4,858,0.088,0.099
5,900,0.122,0.12660000000000002
6,1396,0.153575,0.1617875
8,1919,0.23323,0.23323
5,1716,0.1359,0.13345
5,1716,0.131,0.13345
7,2263,0.235,0.235
6,1644,0.167,0.176
6,1003,0.1425,0.1425
5,1558,0.152,0.15125
7,1950,0.239,0.239
6,1743,0.175,0.175
6,1152,0.1585,0.150975
5,1336,0.157,0.16
8,2452,0.267,0.28800000000000003
7,1541,0.205,0.2125
5,894,0.1499,0.12874583333333334
7,3493,0.295,0.295
8,2000,0.3059,0.3059
7,2243,0.225,0.225
6,1406,0.0895,0.0895
4,861,0.0825,0.08125
9,1944,0.36,0.36
6,1501,0.1656,0.17104999999999998
6,972,0.132,0.132
5,1118,0.1199,0.13645000000000002
7,2036,0.375,0.375
7,1641,0.178,0.178
7,1432,0.1885,0.1885
7,2353,0.26,0.26
8,1959,0.27,0.27
7,2646,0.26,0.26
7,1472,0.1875,0.16833333333333333
9,2596,0.342643,0.342643
8,2468,0.354,0.354
7,2730,0.301,0.301
3,1163,0.126175,0.126175
7,2978,0.242,0.242
5,803,0.087,0.087
8,1719,0.324,0.324
6,1383,0.14525,0.14525
6,2134,0.2145,0.2145
5,1192,0.078,0.078
5,1728,0.119,0.14168055555555556
5,1056,0.139,0.13808
8,1629,0.284,0.277
7,1358,0.207,0.21295999999999998
6,1638,0.192,0.1655
5,1786,0.22895,0.22895
9,1922,0.377426,0.377426
7,1536,0.214,0.214
7,1621,0.2025,0.2025
6,1215,0.155,0.148
8,1908,0.2029,0.2029
4,841,0.082,0.082
3,1040,0.0875,0.08882499999999999
9,1684,0.266,0.266
5,1112,0.085,0.10470000000000002
6,1577,0.1402,0.1402
6,958,0.1515,0.14108333333333334
6,1478,0.1575,0.157
7,1626,0.154,0.17679999999999998
9,2728,0.437154,0.437154
9,1869,0.318061,0.318061
7,1453,0.19,0.19
5,1111,0.095,0.098
6,720,0.1059,0.1059
6,1595,0.14,0.14775
6,1200,0.1775,0.15583333333333335
6,1167,0.173,0.173
5,1142,0.134,0.1135
5,1352,0.13,0.1395
8,1924,0.28,0.28
6,912,0.156,0.149
5,1505,0.145,0.145
7,1922,0.1985,0.1985
6,987,0.118,0.09869166666666666
6,1574,0.19,0.19
5,1344,0.147,0.13410000000000002
6,1394,0.159,0.159
6,1431,0.165,0.165
5,1268,0.132,0.142125
5,1287,0.162,0.14600000000000002
6,1664,0.1724,0.1588
4,1588,0.134432,0.134432
6,752,0.125,0.125
5,1319,0.123,0.123
7,1928,0.2195,0.2195
1,904,0.061,0.061
5,914,0.148,0.13863333333333336
8,2466,0.34,0.34
9,1856,0.394432,0.394432
6,1800,0.179,0.179
5,1691,0.127,0.127
7,1301,0.18775,0.18775
7,1797,0.2135,0.2135
6,784,0.076,0.076
6,1953,0.24,0.24
8,1269,0.192,0.192
5,1184,0.081,0.081
6,1125,0.125,0.125
7,1479,0.191,0.19174999999999998
10,2332,0.426,0.426
5,1367,0.119,0.119
6,1961,0.215,0.215
5,882,0.1065,0.108
4,788,0.1,0.1
5,1034,0.109,0.109
5,1144,0.129,0.13390714285714286
5,894,0.123,0.12874583333333334
5,1812,0.1695,0.15475
5,1077,0.067,0.0925
7,1550,0.241,0.241
8,1288,0.2455,0.2455
7,1310,0.16499,0.16499
5,672,0.108,0.086
8,2263,0.258,0.27249999999999996
6,1572,0.168,0.168
4,1620,0.15,0.15
6,1639,0.115,0.13470000000000001
6,1680,0.177,0.18733333333333332
7,2172,0.28,0.28
8,2078,0.33975,0.33975
5,1276,0.06,0.06
5,1056,0.145,0.13808
7,1478,0.222,0.216
5,1028,0.115,0.115
7,2097,0.228,0.25115
7,1340,0.181134,0.181134
6,1400,0.1495,0.15575
6,2624,0.239,0.239
5,1134,0.126,0.1305
5,1056,0.142,0.13808
7,1344,0.2063,0.18516666666666667
6,1602,0.215,0.215
5,988,0.113,0.12304166666666666
8,2630,0.315,0.315
6,1196,0.139,0.12566666666666668
7,1389,0.135,0.135
7,1644,0.275,0.275
4,907,0.109008,0.109008
7,1208,0.1954,0.19499999999999998
6,1412,0.175,0.15481066666666668
6,987,0.0854,0.09869166666666666
6,1198,0.0799,0.0799
5,1365,0.1225,0.12433333333333334
6,1604,0.181,0.18987500000000002
4,630,0.081,0.08
7,1661,0.212,0.21844999999999998
6,1118,0.116,0.14350000000000002
6,904,0.119,0.119
5,694,0.09035,0.09035
6,1196,0.11,0.12566666666666668
10,2402,0.555,0.555
4,1440,0.118,0.134
5,1573,0.1629,0.1629
7,1258,0.1725,0.173
7,1908,0.21,0.21
6,1689,0.1275,0.1275
6,1888,0.19,0.19
7,1886,0.1999,0.1999
6,1376,0.1195,0.14225
3,1183,0.12,0.12
6,813,0.11,0.11
7,1533,0.28,0.28
6,1756,0.204,0.204
8,1590,0.21,0.25245
5,1728,0.188,0.14168055555555556
7,1242,0.1755,0.1755
5,1344,0.098,0.13410000000000002
4,1663,0.256,0.256
8,1666,0.161,0.161
5,1203,0.11,0.11
8,1935,0.263435,0.263435
7,1135,0.155,0.155
5,864,0.062383,0.12003537500000001
6,1660,0.1887,0.1887
5,1040,0.124,0.133
7,1414,0.17874,0.18008000000000002
7,1277,0.167,0.167
5,1644,0.1465,0.1465
8,1634,0.25,0.25
6,1710,0.187,0.187
8,1502,0.212,0.212
7,1969,0.19,0.19
6,1072,0.148,0.1432
8,1976,0.44,0.363
8,1652,0.251,0.32175
5,970,0.1325,0.13225
6,1493,0.2089,0.2089
9,2643,0.38,0.38
8,1718,0.297,0.297
4,1131,0.089471,0.089471
9,1850,0.326,0.326
9,1792,0.374,0.3731985
7,1826,0.155,0.155
6,1216,0.164,0.1385
5,999,0.1325,0.13233333333333333
5,1113,0.147,0.147
5,1073,0.156,0.126495
5,1484,0.175,0.175
5,2414,0.16,0.16
4,630,0.086,0.08
5,1304,0.115,0.10975
6,1578,0.133,0.133
6,1456,0.172785,0.15250125
5,1269,0.155,0.155
5,886,0.0913,0.0913
4,720,0.0349,0.0609
8,3228,0.43,0.43
7,1820,0.184,0.1996
5,899,0.13,0.10400000000000001
5,912,0.12,0.12454545454545456
6,1218,0.113,0.12925
7,1768,0.2267,0.20486666666666667
5,1214,0.14,0.13333333333333333
7,1801,0.289,0.289
6,1322,0.147,0.147
5,1960,0.1245,0.1245
8,1911,0.215,0.215
6,1218,0.2083,0.12925
7,1378,0.161,0.161
5,1041,0.1245,0.12625
5,1363,0.1649,0.1649
7,1368,0.202665,0.20672166666666666
5,864,0.1299,0.12003537500000001
6,1080,0.134,0.135
5,789,0.0965,0.10575000000000001
10,2020,0.402861,0.402861
6,2119,0.158,0.158
7,2344,0.265,0.265
6,1796,0.211,0.1755
7,2080,0.234,0.234
4,1294,0.10625,0.10625
6,1244,0.15,0.15
6,1664,0.159,0.1588
7,2398,0.31575,0.31575
7,1266,0.176,0.17379333333333333
5,928,0.132,0.12225
9,2713,0.446261,0.446261
4,605,0.086,0.086
6,2515,0.200624,0.200624
6,1509,0.175,0.17909999999999998
6,1362,0.128,0.173175
5,827,0.1075,0.1075
1,334,0.0393,0.0393
8,1414,0.178,0.178
5,1347,0.1075,0.12525
7,1724,0.188,0.19225
4,864,0.11125,0.10781346153846154
5,1159,0.158,0.136
8,1601,0.272,0.272
9,1838,0.315,0.33745
8,2285,0.248,0.248
7,1680,0.21325,0.201625
7,767,0.133,0.133
7,1496,0.179665,0.179665
7,2183,0.229,0.229
6,1635,0.21,0.1635
5,768,0.1295,0.13213333333333332
5,825,0.125,0.11725
7,2094,0.263,0.263
6,1069,0.14,0.13793333333333335
5,928,0.1125,0.12225
8,1717,0.2555,0.2555
4,1126,0.108,0.108
7,2046,0.284,0.284
5,1048,0.113,0.11543333333333333
5,1092,0.141,0.13090000000000002
4,1336,0.108,0.108
7,1446,0.175,0.175
7,1557,0.234,0.234
5,1392,0.1215,0.1455
5,1389,0.17,0.17
5,996,0.108,0.108
6,1674,0.185,0.185
7,2295,0.268,0.268
6,1647,0.128,0.1515
9,2504,0.325,0.325
7,1535,0.214,0.214
8,2132,0.3166,0.3166
5,943,0.13596,0.13523000000000002
5,1728,0.1426,0.14168055555555556
6,864,0.12,0.12375
7,1692,0.2245,0.20775
7,1430,0.17,0.17221999999999998
5,1109,0.139,0.139
5,1216,0.1185,0.1245
7,1477,0.145,0.145
5,1320,0.1645,0.1645
7,1392,0.146,0.146
5,1795,0.1315,0.1315
6,1429,0.1819,0.1819
8,2042,0.253293,0.253293
6,816,0.1185,0.12293333333333333
10,2775,0.325,0.325
4,1573,0.133,0.133
8,2028,0.3699,0.3699
6,838,0.13,0.13
5,860,0.137,0.137
5,1473,0.143,0.143
5,935,0.0795,0.10825000000000001
7,1582,0.1859,0.1859
10,2296,0.45195,0.45195
5,816,0.138,0.12051111111111111
6,848,0.14,0.14280384615384617
5,924,0.11,0.11513333333333332
8,1826,0.319,0.319
6,1368,0.114504,0.114504
7,1402,0.194201,0.2120005
5,1647,0.2175,0.2175
6,1556,0.151,0.15916666666666665
8,1904,0.275,0.275
6,1375,0.141,0.1405
8,1915,0.22,0.22
7,1200,0.151,0.15700742857142855
7,1494,0.221,0.23850000000000002
7,1986,0.205,0.209
5,1040,0.152,0.133
5,2008,0.225,0.225
8,3194,0.3591,0.3591
4,1029,0.1185,0.1185
9,2153,0.313,0.313
6,1032,0.148,0.12187500000000001
8,1872,0.2615,0.2615
5,1120,0.147,0.14789999999999998
4,630,0.0755,0.08
6,1054,0.1375,0.14425
6,1509,0.1832,0.17909999999999998
6,832,0.1055,0.1055
9,1828,0.314813,0.314813
8,2262,0.305,0.305
3,864,0.067,0.06275
6,2614,0.24,0.24
5,980,0.135,0.12683333333333333
6,1512,0.1685,0.17516666666666666
6,1790,0.16515,0.17257499999999998
6,1116,0.16,0.16394999999999998
5,1422,0.1399,0.142225
6,1520,0.153,0.153
5,2080,0.135,0.135
6,1350,0.1685,0.16675
5,1750,0.124,0.124
8,1554,0.2095,0.2095
7,1411,0.0825,0.0825
5,1056,0.1394,0.13808
6,1056,0.144,0.144
6,3395,0.2,0.2
2,800,0.06,0.06
5,1387,0.093,0.119
5,796,0.085,0.1183
8,1567,0.264561,0.264561
8,1518,0.274,0.274
7,1929,0.226,0.226
8,2704,0.345,0.345
5,1620,0.152,0.152
9,1766,0.370878,0.3829585
6,981,0.14325,0.14325
5,1048,0.0983,0.11543333333333333
6,1094,0.155,0.155
6,1839,0.155,0.20625
4,630,0.0845,0.08
7,1665,0.20595,0.20595
4,1510,0.108,0.09775
7,1716,0.191,0.191
6,1469,0.135,0.135
8,2113,0.35,0.35
6,1092,0.088,0.10966666666666668
5,1053,0.1455,0.1394
7,1502,0.149,0.191085
6,1458,0.0975,0.13674999999999998
5,1486,0.167,0.167
7,1935,0.1979,0.1979
8,2448,0.402,0.402
6,1392,0.11,0.14591666666666667
4,1181,0.1375,0.1375
8,2097,0.423,0.423
8,1936,0.2305,0.2305
6,2380,0.129,0.129
6,1679,0.1935,0.1935
5,1437,0.168,0.193
4,1180,0.1375,0.1375
6,1476,0.1735,0.1735
6,1369,0.1036,0.1036
6,1208,0.165,0.165
6,1839,0.2575,0.20625
6,1136,0.14,0.14
6,1441,0.1485,0.1485
4,1774,0.087,0.087
5,792,0.1095,0.10450000000000001
8,2046,0.3725,0.3725
5,988,0.1285,0.12304166666666666
6,923,0.143,0.143
5,1520,0.159434,0.159434
6,1291,0.173,0.173
9,1668,0.285,0.285
7,1839,0.221,0.221
7,2090,0.2075,0.20375
7,1761,0.227875,0.227875
7,1102,0.1488,0.1488
8,1419,0.392,0.28805000000000003
6,1362,0.1947,0.173175
6,848,0.141,0.14280384615384617
7,2519,0.335,0.335
5,1073,0.10848,0.126495
5,1539,0.1415,0.1495
6,1137,0.176,0.176
5,616,0.089,0.089
5,1148,0.1235,0.128
5,894,0.1385,0.12874583333333334
7,1391,0.196,0.196
8,1800,0.3125,0.3125
7,1164,0.14,0.14
8,2576,0.361919,0.361919
5,1812,0.14,0.15475
7,1484,0.213,0.213
4,1092,0.055,0.08091933333333333
7,1824,0.302,0.302
8,1324,0.254,0.237685
7,1456,0.17954,0.1771938
5,904,0.1099,0.12695
3,729,0.052,0.0518445
4,1178,0.102776,0.102776
8,1228,0.189,0.189
4,960,0.129,0.11320833333333331
6,1479,0.1305,0.1305
6,1350,0.165,0.16675
7,2554,0.1595,0.1595
5,1178,0.157,0.14600000000000002
7,2418,0.341,0.341
5,971,0.1285,0.1285
8,1742,0.275,0.22150000000000003
6,848,0.143,0.14280384615384617
4,864,0.1245,0.10781346153846154
4,1470,0.135,0.135
9,1698,0.32,0.2975
4,864,0.1205,0.10781346153846154
6,1680,0.222,0.18733333333333332
7,1232,0.1945,0.1945
5,1776,0.11,0.11
4,1208,0.103,0.103
8,1616,0.2365,0.2365
7,1146,0.1875,0.1875
7,2031,0.2225,0.2225
5,1144,0.1314,0.13390714285714286
5,948,0.108,0.108
7,1768,0.163,0.20486666666666667
3,1040,0.0935,0.08882499999999999
8,1801,0.2399,0.2399
5,1200,0.179,0.14723333333333335
7,1728,0.19,0.19
5,1432,0.132,0.161
6,912,0.142,0.149
7,1349,0.179,0.179
5,1464,0.175,0.14833333333333334
8,1337,0.18,0.18425
8,2715,0.2998,0.2998
7,2256,0.236,0.236
7,2640,0.265979,0.265979
7,1720,0.2604,0.2071
4,1529,0.098,0.098
4,1140,0.0965,0.0965
7,1320,0.162,0.162
6,1494,0.217,0.18783333333333332
8,2098,0.2755,0.2755
6,1026,0.156,0.14866666666666664
6,1471,0.1725,0.1725
8,1768,0.212,0.212
6,1386,0.1589,0.1589
7,1501,0.1794,0.217225
8,2531,0.29,0.29
6,864,0.1275,0.12375
5,1301,0.1,0.1
7,1547,0.2152,0.2152
8,2365,0.337,0.337
8,1494,0.27,0.27485000000000004
9,1506,0.264132,0.264132
7,1714,0.1965,0.1965
6,1750,0.16,0.16
7,1836,0.216837,0.216837
8,3279,0.538,0.538
5,858,0.1349,0.1257
4,1220,0.102,0.102
6,1117,0.107,0.127
5,912,0.1145,0.12454545454545456
8,1973,0.395,0.395
6,1204,0.162,0.162
7,1614,0.2215,0.23073333333333335
5,894,0.1425,0.12874583333333334
5,2020,0.144,0.144
6,1004,0.135,0.14200000000000002
7,1253,0.176,0.176
6,1603,0.1759,0.15695
7,1430,0.1871,0.17221999999999998
5,1110,0.1655,0.1655
6,1484,0.128,0.1603
6,1342,0.1615,0.13325
5,1652,0.139,0.14275
7,2084,0.233,0.233
4,901,0.1079,0.1079
6,2087,0.1875,0.1875
7,1145,0.1602,0.16010000000000002
6,1062,0.1468,0.13890000000000002
7,2013,0.26979,0.26979
8,1496,0.225,0.225
7,1895,0.1945,0.1945
6,1564,0.171,0.171
6,1285,0.1435,0.15963333333333332
5,773,0.11,0.11
9,3140,0.485,0.485
5,1768,0.175,0.175
6,1688,0.2,0.2
4,1196,0.1099,0.1099
7,1456,0.189,0.1771938
9,2822,0.582933,0.582933
5,1128,0.118,0.1365
7,1428,0.22768,0.18319333333333332
5,980,0.1355,0.12683333333333333
5,1576,0.2235,0.18625
5,1086,0.15995,0.152425
5,2138,0.106,0.106
6,1309,0.181,0.181
6,848,0.1445,0.14280384615384617
5,1044,0.055993,0.09749650000000001
6,1442,0.1579,0.17145
5,1250,0.116,0.1275
7,1661,0.2249,0.21844999999999998
5,1008,0.137,0.13916666666666666
8,1689,0.271,0.271
6,1052,0.155,0.14100000000000001
7,1358,0.224,0.21295999999999998
7,1640,0.183,0.183
4,936,0.093,0.10093333333333333
7,1733,0.225,0.205044
6,1489,0.1395,0.16262500000000002
8,1489,0.2326,0.2326
10,2084,0.385,0.385
5,784,0.1095,0.1095
7,1434,0.189,0.189
5,2126,0.185,0.185
7,1223,0.1474,0.14865
6,1392,0.166,0.14591666666666667
7,1200,0.151,0.15700742857142855
7,1829,0.237,0.237
6,1516,0.167,0.174158
5,1144,0.13995,0.13390714285714286
4,1067,0.128,0.128
5,1559,0.1535,0.1535
6,987,0.1,0.09869166666666666
5,1099,0.144,0.144
5,1200,0.1305,0.14723333333333335
6,1482,0.14,0.14
5,1539,0.1575,0.1495
6,1165,0.1749,0.1749
5,1800,0.141,0.1355
5,1416,0.1539,0.13295
5,1701,0.171,0.171
7,1775,0.213,0.213
5,864,0.1335,0.12003537500000001
6,2358,0.24,0.24
6,1855,0.187,0.16194999999999998
6,848,0.1315,0.14280384615384617
8,1456,0.215,0.215
7,1646,0.164,0.20700000000000002
6,1445,0.158,0.14825
5,1779,0.17,0.17
5,1040,0.127,0.133
6,1026,0.147,0.14866666666666664
6,1481,0.174,0.174
7,1370,0.152,0.152
6,2654,0.25,0.25
7,1426,0.18995,0.18995
5,1039,0.1315,0.1315
6,1097,0.152,0.152
5,1148,0.1325,0.128
7,1372,0.25058,0.25058
5,1002,0.1485,0.1485
8,1646,0.2489,0.2725954
4,1120,0.129,0.0965
5,2320,0.169,0.169
7,1949,0.236,0.236
5,894,0.1095,0.12874583333333334
6,1682,0.2005,0.2005
5,910,0.116,0.116
5,1268,0.133,0.142125
5,1131,0.0665,0.0665
8,2610,0.303477,0.303477
4,1040,0.13225,0.11071666666666667
9,2224,0.35,0.35
5,1155,0.148,0.148
5,864,0.1365,0.12003537500000001
5,1090,0.157,0.157
7,1717,0.1875,0.16375
6,1593,0.178,0.1855
4,2230,0.1185,0.1185
5,892,0.1,0.11596666666666666
9,1709,0.3289,0.3289
5,1712,0.145,0.145
5,1393,0.1355,0.1355
8,2217,0.268,0.268
6,1505,0.1495,0.1495
5,924,0.1229,0.11513333333333332
6,1683,0.1725,0.1725
6,1068,0.1545,0.132
5,1383,0.165,0.165
5,1535,0.118858,0.11889333333333334
6,1796,0.14,0.1755
4,951,0.1065,0.1065
5,2240,0.142953,0.142953
9,2364,0.611657,0.611657
5,1236,0.135,0.13472499999999998
4,858,0.11,0.099
5,1306,0.153,0.14150000000000001
7,1509,0.18,0.18
7,1670,0.24,0.20500000000000002
5,902,0.1255,0.12825
5,1063,0.128,0.128
8,1636,0.255,0.255
7,2057,0.25,0.25
5,902,0.131,0.12825
6,1484,0.174,0.1603
5,2274,0.1543,0.1543
5,1268,0.1435,0.142125
5,1015,0.088,0.088
5,2002,0.145,0.145
6,1224,0.173733,0.1500466
4,1092,0.075,0.08091933333333333
2,480,0.035311,0.035311
4,1229,0.135,0.135
7,2127,0.238,0.2545
6,1414,0.1765,0.1765
6,1721,0.201,0.187925
5,2200,0.1459,0.1459
6,1316,0.16999,0.157495
6,1617,0.193,0.193
6,1686,0.2075,0.2075
5,1126,0.175,0.16233333333333333
8,2374,0.285,0.285
7,1978,0.176,0.176
8,1788,0.2365,0.2365
7,2236,0.222,0.222
8,1466,0.201,0.201
5,925,0.1175,0.12148333333333333
9,1905,0.32,0.32
7,1500,0.19,0.218289
7,2069,0.242,0.242
4,747,0.0799,0.07995
7,1200,0.1849,0.15700742857142855
7,1971,0.253,0.253
7,1962,0.239799,0.239799
7,2403,0.2444,0.2444
6,1728,0.1509,0.1792
7,2060,0.214,0.214
4,1440,0.15,0.134
5,1632,0.143,0.15799999999999997
6,1344,0.1375,0.1375
5,1869,0.1249,0.1249
5,1144,0.143,0.13390714285714286
8,1629,0.27,0.277
7,1776,0.1925,0.1925
6,1381,0.1975,0.1975
5,864,0.129,0.12003537500000001
5,965,0.1199,0.13945000000000002
5,768,0.1339,0.13213333333333332
5,1968,0.172,0.172
6,980,0.1275,0.1275
6,1958,0.145,0.145
6,1229,0.124,0.12733333333333333
5,1057,0.132,0.126
7,1337,0.185,0.1845
7,1416,0.155,0.155
5,858,0.1165,0.1257
6,2872,0.272,0.272
6,1548,0.155,0.14933333333333332
9,1800,0.239,0.30498349999999996
7,1894,0.2149,0.2149
6,1484,0.1789,0.1603
5,1308,0.16,0.1423
5,1098,0.135,0.135
3,968,0.0379,0.0379
6,1095,0.14,0.14
4,1192,0.135,0.135
7,1626,0.173,0.17679999999999998
6,918,0.0995,0.0995
7,1428,0.182,0.18319333333333332
7,2019,0.1675,0.1675
7,1382,0.165,0.17125
4,869,0.0855,0.0877
7,1241,0.1999,0.1999
4,894,0.11,0.12575
5,1121,0.139,0.139
7,999,0.1784,0.1784
8,2612,0.336,0.336
7,1266,0.159895,0.17379333333333333
8,2290,0.2559,0.2559
5,1734,0.126,0.126
5,1164,0.125,0.125
6,1635,0.117,0.1635
9,1940,0.395192,0.395192
6,2030,0.195,0.195
7,1576,0.197,0.20849499999999999
8,2392,0.348,0.348
8,1742,0.168,0.22150000000000003
6,1851,0.187,0.187
6,1500,0.1739,0.1739
10,1718,0.3375,0.3375
4,1230,0.1216,0.1216
5,1050,0.1365,0.13613333333333333
6,1442,0.185,0.17145
3,1077,0.091,0.091
7,1208,0.206,0.19499999999999998
3,944,0.082,0.082
5,691,0.086,0.086
8,1574,0.232,0.232
5,1680,0.136905,0.1259025
7,1504,0.181,0.19166666666666665
5,985,0.1499,0.1499
6,1657,0.1635,0.1635
4,1092,0.088,0.08091933333333333
7,1710,0.24,0.19616666666666668
5,1522,0.102,0.102
5,1271,0.135,0.135
5,1664,0.1,0.1
6,1502,0.165,0.165
5,1022,0.085,0.10466666666666667
6,1082,0.1192,0.14085
8,1665,0.227,0.227
7,1504,0.203,0.19166666666666665
8,1360,0.1875,0.1875
7,1472,0.16,0.16833333333333333
7,1506,0.21349,0.231245
4,1132,0.176,0.176
7,1220,0.194,0.187
5,1248,0.087,0.11066666666666665
7,1504,0.191,0.19166666666666665
8,2898,0.287,0.287
5,882,0.1125,0.108
5,1264,0.1675,0.16825
8,1646,0.293077,0.2725954
5,1376,0.105,0.105
6,1218,0.118,0.12925
5,1928,0.16,0.16
7,3082,0.197,0.197
8,2520,0.31,0.35995
7,1654,0.23,0.23
5,954,0.11975,0.126125
4,845,0.084,0.10675000000000001
9,1620,0.3155,0.3155
8,2263,0.287,0.27249999999999996
4,1344,0.097,0.097
4,630,0.08,0.08
5,1803,0.155,0.155
6,1632,0.173,0.156
6,1306,0.196,0.19025
7,2329,0.26228,0.26228
8,2524,0.278,0.278
3,1733,0.1396,0.1396
9,2868,0.556581,0.556581
5,990,0.145,0.14414285714285713
5,1771,0.115,0.115
4,930,0.0849,0.09195
7,1302,0.176485,0.1708675
7,1316,0.200141,0.200141
6,1977,0.165,0.165
5,1526,0.1445,0.1445
8,1989,0.255,0.255
6,1523,0.18,0.18
7,1364,0.18585,0.19805
7,1850,0.248,0.248
9,2184,0.335,0.335
6,1991,0.22,0.22
8,1338,0.2135,0.2112
3,894,0.081,0.081
5,2337,0.09,0.09
6,1103,0.1105,0.13275
5,1154,0.154,0.148
7,2260,0.328,0.328
6,1571,0.178,0.178
6,1611,0.1679,0.1679
6,2521,0.1514,0.1514
5,893,0.135,0.135
5,1048,0.135,0.11543333333333333
6,1556,0.154,0.15916666666666665
5,1456,0.0915,0.0915
6,1426,0.1595,0.1595
7,1240,0.194,0.184
7,1740,0.2195,0.2513666666666667
5,1466,0.17,0.15995
5,1096,0.1388,0.1388
6,848,0.1559,0.14280384615384617
5,990,0.126,0.14414285714285713
6,1258,0.145,0.125
5,1040,0.133,0.133
7,1459,0.192,0.192
6,1251,0.16,0.1395
6,1498,0.1875,0.1875
6,996,0.147,0.147
4,1092,0.0835,0.08091933333333333
8,1953,0.252,0.252
7,1709,0.1375,0.1325
8,1247,0.197,0.197
3,1040,0.0929,0.08882499999999999
7,1252,0.16,0.16
6,1694,0.1365,0.14825
5,1200,0.146,0.14723333333333335
5,936,0.129,0.12466666666666669
6,1314,0.176432,0.176432
6,1355,0.127,0.127
8,1088,0.17,0.17
4,1324,0.128,0.128
7,1601,0.157,0.157
2,438,0.06,0.06
5,950,0.1195,0.12475
5,1134,0.135,0.1305
6,1194,0.1595,0.15375
5,1302,0.106,0.1123125
8,2622,0.325,0.325
7,1442,0.1799,0.1802
7,2021,0.274725,0.274725
6,1690,0.181,0.184
8,1836,0.28,0.27225
6,1658,0.188,0.188
7,1964,0.205,0.205
5,816,0.1299,0.12051111111111111
5,1008,0.1345,0.13916666666666666
5,833,0.117,0.1263
8,1734,0.318,0.27875
8,1419,0.1841,0.28805000000000003
5,894,0.13,0.12874583333333334
5,1601,0.14,0.13492500000000002
5,1040,0.1337,0.133
6,1012,0.1184,0.12295
7,1552,0.2129,0.2129
4,960,0.112,0.11320833333333331
5,698,0.118,0.118
7,1482,0.1639,0.15344999999999998
4,1005,0.115,0.1152
7,1555,0.174,0.18325
7,1530,0.259,0.2595
7,1959,0.215,0.193
5,936,0.14,0.12466666666666669
4,1981,0.135,0.135
5,974,0.0935,0.0935
6,2210,0.1175,0.1175
8,2020,0.2395,0.2395
6,1600,0.169,0.169
6,986,0.102,0.102
6,1252,0.119,0.16533333333333333
5,1020,0.094,0.1277
6,1567,0.196,0.226
5,1167,0.144,0.144
5,952,0.139,0.139
5,1868,0.1975,0.1975
8,2828,0.42487,0.42487
5,1006,0.08,0.08
4,924,0.08,0.08
5,1576,0.149,0.18625
6,1298,0.18,0.16325
7,1564,0.1745,0.196668
7,1111,0.1169,0.1169
7,1482,0.143,0.15344999999999998
6,932,0.124,0.124
5,1466,0.1499,0.15995
6,1811,0.23,0.23
6,816,0.1205,0.12293333333333333
7,1820,0.2018,0.1996
5,1437,0.218,0.193
5,1265,0.1799,0.1799
7,1314,0.23,0.21875
8,1580,0.235128,0.235128
6,1876,0.185,0.185
6,1456,0.146,0.15250125
6,1640,0.224,0.1985
5,894,0.129,0.12874583333333334
4,1258,0.108959,0.108959
5,1432,0.194,0.161
7,1502,0.23317,0.191085
8,1694,0.24535,0.30229999999999996
6,1671,0.173,0.18099999999999997
6,2108,0.235,0.235
10,3627,0.625,0.625
6,1118,0.171,0.14350000000000002
6,1261,0.163,0.163
7,1250,0.1719,0.1683
5,3086,0.2005,0.25105
6,2345,0.239,0.239
8,2872,0.285,0.285
5,923,0.1195,0.1195
6,1224,0.115,0.1500466
5,1343,0.1549,0.1549
5,1124,0.093,0.093
7,2514,0.25,0.25
8,1652,0.3925,0.32175
5,1130,0.12,0.12
5,1572,0.1867,0.1867
5,1221,0.1049,0.1049
3,1699,0.095,0.095
8,1624,0.262,0.262
7,1660,0.195,0.195
7,1804,0.189,0.189
4,1622,0.168,0.168
8,1441,0.174,0.174
5,1472,0.125,0.125
6,1224,0.165,0.1500466
6,1352,0.158,0.158
6,1456,0.176,0.15250125
7,1863,0.21921,0.21921
7,1690,0.144,0.16368333333333332
7,1212,0.178,0.178
4,1382,0.148,0.129
4,864,0.11605,0.10781346153846154
7,1779,0.1979,0.20745
5,1348,0.117,0.117
7,1630,0.213,0.20124999999999998
5,1074,0.1535,0.13874999999999998
7,2196,0.2719,0.2719
4,1056,0.107,0.107
6,1700,0.2,0.2
5,1283,0.14,0.14
8,1660,0.29,0.273
6,1845,0.189,0.189
8,1752,0.164,0.164
4,672,0.113,0.09063333333333334
4,960,0.145,0.11320833333333331
5,999,0.1345,0.13233333333333333
5,894,0.125,0.12874583333333334
6,1902,0.112,0.112
8,1314,0.229456,0.229456
4,912,0.0805,0.0805
6,1218,0.0915,0.12925
5,912,0.115,0.12454545454545456
5,1211,0.134,0.139
6,1846,0.143,0.1882775
5,2136,0.1379,0.1379
7,1490,0.184,0.184
6,1138,0.145,0.1465
6,1933,0.214,0.214
5,912,0.147,0.12454545454545456
9,1702,0.367294,0.367294
5,1507,0.127,0.127
5,2620,0.19,0.19
5,1190,0.1325,0.1325
4,1224,0.1018,0.10239999999999999
5,1188,0.142,0.14995
5,1964,0.13,0.13
5,1784,0.138887,0.138887
7,1626,0.1755,0.17679999999999998
7,1948,0.195,0.203
6,1141,0.1425,0.1425
8,1484,0.2659,0.2659
7,1768,0.2249,0.20486666666666667
7,1689,0.248328,0.2400205
7,1173,0.17,0.17
10,2076,0.465,0.465
8,1517,0.23,0.23
6,1868,0.178,0.178
7,1553,0.1865,0.19991666666666666
6,1034,0.1699,0.1576
6,2058,0.1295,0.1295
5,988,0.119,0.12304166666666666
7,2110,0.244,0.22449999999999998
7,1405,0.17175,0.18158333333333335
5,874,0.13,0.12883333333333333
7,2167,0.294,0.294
7,1656,0.1654,0.1654
6,1367,0.1275,0.1275
8,1987,0.3015,0.3015
5,864,0.0999,0.12003537500000001
7,1166,0.19,0.19
6,1054,0.151,0.14425
6,1675,0.181,0.188
5,1050,0.1289,0.13613333333333333
4,1788,0.1615,0.1615
6,1824,0.1805,0.15975
6,1337,0.181,0.16662500000000002
7,1452,0.1839,0.16995
7,1889,0.122,0.122
9,2018,0.3785,0.3785
8,3447,0.381,0.381
5,1524,0.144,0.144
7,1524,0.26,0.2525
6,1489,0.18575,0.16262500000000002
5,935,0.137,0.10825000000000001
6,1357,0.177,0.177
5,1250,0.139,0.1275
5,1920,0.137,0.15475
6,1395,0.162,0.177
6,1724,0.1979,0.1979
8,2031,0.237,0.237
4,1128,0.0684,0.0684
7,1573,0.227,0.227
7,1339,0.18,0.18
5,1040,0.1505,0.133
6,1824,0.139,0.15975
6,2447,0.169,0.169
6,1412,0.1325,0.15481066666666668
6,1328,0.143,0.143
5,1582,0.19,0.16999999999999998
8,1659,0.278,0.278
8,1970,0.281,0.281
5,1152,0.1805,0.1593
5,1302,0.1195,0.1123125
5,2372,0.1075,0.1075
7,1664,0.1629,0.18795
5,864,0.115,0.12003537500000001
5,1052,0.1385,0.126
5,1128,0.155,0.1365
6,1072,0.14,0.1432
5,1246,0.154,0.154
7,1983,0.225,0.225
6,1494,0.1775,0.18783333333333332
8,2526,0.29,0.29
7,1616,0.232,0.232
7,1708,0.13,0.13
9,1652,0.325,0.325
7,1368,0.2025,0.20672166666666666
5,990,0.138,0.14414285714285713
5,1122,0.147,0.147
6,1294,0.1792,0.1792
7,1902,0.335,0.335
7,1274,0.203,0.203
8,2810,0.302,0.302
9,2599,0.333168,0.333168
4,948,0.119,0.11499999999999999
6,2112,0.2069,0.2069
8,1630,0.295493,0.295493
7,1352,0.2089,0.20145000000000002
8,1787,0.275,0.275
4,948,0.111,0.11499999999999999
6,1478,0.1565,0.157
3,720,0.0725,0.0725
7,1923,0.19,0.19
4,708,0.0825,0.0825
8,1795,0.147,0.21566666666666667
4,796,0.055,0.055
3,774,0.079,0.079
5,816,0.1305,0.12051111111111111
6,2792,0.256,0.256
7,1632,0.1765,0.1765
8,1588,0.227,0.227
5,954,0.1325,0.126125
4,816,0.1,0.07925
5,1360,0.1255,0.126625
5,1365,0.125,0.12433333333333334
6,1334,0.1679,0.1679
5,1656,0.135,0.132
4,693,0.0525,0.0525
7,1861,0.2,0.2
5,864,0.1285,0.12003537500000001
4,872,0.123,0.123
6,1114,0.155,0.155
8,2169,0.2285,0.2285
6,1913,0.177,0.177
7,1456,0.155835,0.1771938
4,960,0.1085,0.11320833333333331
7,2156,0.2625,0.2625
8,1776,0.283463,0.283463
7,1494,0.215,0.23850000000000002
8,2358,0.122,0.22595
5,2634,0.2,0.2
6,1716,0.171,0.17810833333333334
6,1176,0.1349,0.1247
8,3238,0.41,0.41
7,1865,0.235,0.235
7,1920,0.17,0.17
5,892,0.11,0.11596666666666666
5,1078,0.1499,0.13900833333333332
6,1573,0.1775,0.17725
9,1980,0.315,0.315
5,2601,0.189,0.189
7,1530,0.26,0.2595
4,1738,0.1049,0.1049
6,1412,0.156932,0.15481066666666668
7,1200,0.144152,0.15700742857142855
7,1674,0.216,0.216
7,1790,0.193,0.193
5,1475,0.127,0.12825
6,848,0.144,0.14280384615384617
8,1668,0.232,0.232
4,1374,0.105,0.105
6,1661,0.1655,0.1655
7,2097,0.2743,0.25115
10,2633,0.4665,0.4665
7,1958,0.25,0.235
8,1571,0.239,0.239
6,790,0.091,0.091
5,1604,0.117,0.126
6,987,0.083,0.09869166666666666
5,1394,0.1675,0.1675
3,864,0.0585,0.06275
6,2117,0.2375,0.2375
7,1762,0.157,0.1895
5,1416,0.112,0.13295
6,1258,0.105,0.125
4,1154,0.1255,0.1255
7,2784,0.25,0.25
6,2526,0.136,0.136
9,1746,0.3775,0.3775
6,1218,0.131,0.12925
7,1525,0.235,0.22079
5,1584,0.124,0.1215
5,900,0.123,0.12660000000000002
6,1912,0.163,0.163
7,1500,0.246578,0.218289
8,2482,0.281213,0.281213
5,1687,0.16,0.16
5,1513,0.1375,0.125611
5,1904,0.138,0.138
6,1608,0.13745,0.16347499999999998
6,1158,0.12,0.14049999999999999
6,1593,0.193,0.1855
7,1294,0.193879,0.193879
8,1464,0.282922,0.282922
3,1214,0.105,0.105
8,1646,0.275,0.2725954
5,768,0.133,0.13213333333333332
5,833,0.112,0.1263
4,1363,0.1255,0.1255
7,2093,0.215,0.215
7,1840,0.23,0.23
6,1668,0.14,0.14
4,1040,0.09,0.11071666666666667
8,1844,0.257,0.257
6,1848,0.207,0.207
7,1569,0.1759,0.1759
4,2290,0.1225,0.1225
8,2450,0.34,0.34
5,1144,0.124,0.13390714285714286
6,1844,0.223,0.20650000000000002
6,1416,0.1799,0.15876666666666664
6,1069,0.1275,0.13793333333333335
6,848,0.1365,0.14280384615384617
6,2201,0.27497,0.27497
5,1344,0.144,0.13410000000000002
6,1252,0.142,0.16533333333333333
7,2127,0.271,0.2545
5,1558,0.14,0.15125
5,804,0.119,0.119
6,1440,0.1829,0.2037
5,1838,0.19214,0.19214
6,958,0.14375,0.14108333333333334
4,968,0.0645,0.08449999999999999
6,1792,0.1865,0.1865
5,1126,0.16,0.16233333333333333
6,1537,0.174,0.174
4,864,0.1205,0.10781346153846154
8,1932,0.394617,0.394617
6,1236,0.1497,0.1429
7,1725,0.197,0.19775
6,2555,0.191,0.191
6,848,0.1493,0.14280384615384617
10,2007,0.31,0.31
6,952,0.121,0.12475
7,1422,0.1796,0.1796
6,913,0.129,0.129
5,1188,0.1579,0.14995
8,2090,0.24,0.24
4,1346,0.112,0.112
5,630,0.092,0.092
5,1792,0.136,0.1345
8,1578,0.28709,0.28709
5,1072,0.145,0.13383333333333333
5,1140,0.0845,0.0900205
7,1221,0.185,0.185
6,1647,0.175,0.1515
6,2073,0.21,0.21
7,2340,0.2665,0.2665
5,1078,0.142125,0.13900833333333332
5,1256,0.1475,0.15325
5,896,0.105,0.105
6,1329,0.172,0.172
5,1629,0.1899,0.1899
6,1604,0.1955,0.18987500000000002
8,1280,0.1915,0.18575
6,1655,0.1759,0.1759
6,1187,0.185,0.185
6,1465,0.1804,0.1804
7,1341,0.1715,0.1715
4,882,0.126,0.11460000000000001
7,1337,0.184,0.1845
6,987,0.096,0.09869166666666666
5,1092,0.1055,0.13090000000000002
6,1456,0.1499,0.15250125
7,836,0.12,0.12425
9,2334,0.376162,0.376162
8,1544,0.290941,0.290941
9,1698,0.275,0.2975
8,1822,0.259,0.259
9,2696,0.5,0.5
8,2250,0.32,0.32
8,1370,0.205,0.20375
6,1324,0.1995,0.1605
7,1145,0.16,0.16010000000000002
7,1374,0.1845,0.174125
7,1733,0.185088,0.205044
8,2475,0.355,0.355
8,1595,0.2215,0.2215
7,1218,0.2045,0.19794933333333334
6,1468,0.2715,0.2715
7,1659,0.181,0.181
5,1012,0.0675,0.0675
6,1494,0.169,0.18783333333333332
8,2349,0.3625,0.3625
8,2225,0.285,0.285
7,1488,0.26,0.26
7,1680,0.19,0.201625
7,1200,0.155,0.15700742857142855
7,1200,0.1495,0.15700742857142855
6,1236,0.152,0.1429
6,1512,0.177,0.17516666666666666
7,1080,0.14711,0.14237
8,1418,0.267916,0.267916
8,1848,0.254,0.254
7,1492,0.23,0.19652150000000002
6,1829,0.2185,0.2185
6,2495,0.2435,0.2435
6,1891,0.2125,0.2125
6,1645,0.171,0.171
5,1232,0.14225,0.128125
5,1209,0.159,0.159
5,1510,0.1789,0.1789
6,1775,0.1363,0.1363
5,1728,0.0849,0.14168055555555556
5,2461,0.1976,0.1976
6,1556,0.1725,0.15916666666666665
6,1128,0.178,0.166102
5,1604,0.135,0.126
7,1480,0.214,0.214
5,1143,0.136,0.137
5,1206,0.108538,0.108538
6,1580,0.1595,0.1595
4,1337,0.108,0.108
5,1064,0.135,0.14429999999999998
5,972,0.1225,0.1225
5,988,0.119,0.12304166666666666
4,985,0.105,0.105
6,1224,0.132,0.1500466
5,1175,0.148,0.148
6,1395,0.192,0.177
4,1844,0.0804,0.0804
5,936,0.1095,0.12466666666666669
5,1347,0.143,0.12525
6,1251,0.119,0.1395
5,1633,0.129,0.129
5,1245,0.1,0.1
2,832,0.012789,0.012789
8,1566,0.15,0.20625
8,2268,0.24,0.24
5,2256,0.0765,0.0765
6,1470,0.14075,0.16693750000000002
5,1612,0.1285,0.1285
7,2068,0.2095,0.2095
4,765,0.087,0.087
6,1132,0.134,0.134
6,1196,0.128,0.12566666666666668
5,1453,0.132,0.132
6,1416,0.1399,0.15876666666666664
5,1040,0.1239,0.133
5,1536,0.1384,0.1527
6,1068,0.1095,0.132
4,1962,0.1495,0.1495
6,1560,0.1599,0.1783
6,1324,0.122,0.1605
5,1675,0.173,0.173
5,1224,0.1075,0.13061233333333333
5,1392,0.1,0.1455
6,919,0.095,0.1105
4,1884,0.093369,0.093369
5,1680,0.1149,0.1259025
4,1832,0.136,0.136
5,892,0.1379,0.11596666666666666
5,864,0.13725,0.12003537500000001
5,1373,0.16025,0.16025
5,1440,0.163,0.146125
7,1483,0.27,0.27
4,756,0.085,0.085
6,1981,0.23,0.23
3,1610,0.124,0.124
6,1074,0.1445,0.1445
4,1531,0.127,0.127
5,1172,0.128,0.128
7,1508,0.30803,0.30803
5,1298,0.114,0.118
7,1433,0.27,0.27
6,1802,0.218,0.218
7,1222,0.187,0.187
6,1445,0.1385,0.14825
5,965,0.159,0.13945000000000002
7,1692,0.191,0.20775
5,1026,0.15,0.15
5,876,0.127,0.1105
8,1978,0.318,0.318
7,2098,0.24,0.24
6,848,0.14375,0.14280384615384617
3,640,0.0849,0.0849
5,992,0.155891,0.1504455
5,1196,0.144,0.144
4,1120,0.064,0.0965
6,1096,0.1252,0.12056666666666667
4,960,0.09,0.11320833333333331
5,1296,0.104,0.104
6,856,0.126,0.126
4,2650,0.16,0.16
5,1666,0.1,0.1
7,2133,0.2575,0.2575
5,2177,0.215,0.215
7,1652,0.203135,0.2053175
8,1034,0.185,0.185
8,1191,0.1625,0.1625
2,540,0.082,0.082
6,1107,0.11,0.11
4,952,0.050138,0.092944
8,1646,0.246,0.2725954
8,1916,0.2549,0.2549
6,1285,0.19,0.15963333333333332
6,2048,0.17,0.17
7,1346,0.22,0.22
7,1214,0.179781,0.179781
5,1444,0.174,0.174
5,1264,0.169,0.16825
5,1430,0.1735,0.1735
5,1344,0.1665,0.13410000000000002
5,945,0.1195,0.1195
4,1092,0.076,0.08091933333333333
4,1092,0.08825,0.08091933333333333
4,1092,0.0855,0.08091933333333333
5,874,0.13,0.12883333333333333
5,833,0.1499,0.1263
5,2432,0.159,0.159
5,1274,0.136,0.1355
5,1479,0.161,0.161
8,1803,0.285,0.285
6,1797,0.231,0.231
6,882,0.1245,0.1245
6,1434,0.157,0.157
6,1608,0.1895,0.16347499999999998
8,2283,0.27,0.27
7,1628,0.189,0.189
8,2522,0.375,0.375
8,1478,0.24,0.24
8,1734,0.2395,0.27875
7,1382,0.1775,0.17125
6,1636,0.191,0.182
6,1516,0.181316,0.174158
6,1190,0.166,0.166
5,1934,0.185,0.185
7,2050,0.154,0.154
6,1671,0.2,0.18099999999999997
7,2673,0.249,0.249
6,1707,0.184,0.184
7,1884,0.2409,0.2409
8,1874,0.22,0.25895
8,1811,0.235,0.235
5,1621,0.213,0.213
6,1116,0.1679,0.16394999999999998
7,1193,0.158,0.158
5,1180,0.128,0.128
5,1050,0.143,0.13613333333333333
4,864,0.0765,0.10781346153846154
4,864,0.13,0.10781346153846154
6,987,0.111,0.09869166666666666
6,987,0.097,0.09869166666666666
6,1548,0.146,0.14933333333333332
7,1055,0.123,0.137875
6,1456,0.1379,0.15250125
6,1548,0.147,0.14933333333333332
6,1456,0.138,0.15250125
7,836,0.1285,0.12425
5,1120,0.1488,0.14789999999999998
9,2772,0.462,0.462
9,2690,0.3988,0.3988
9,2020,0.404,0.404
10,2674,0.61,0.61
9,1736,0.36,0.36
8,1782,0.296,0.296
8,2520,0.4099,0.35995
9,1743,0.335,0.335
9,1531,0.3,0.3
9,1808,0.324,0.324
7,1760,0.2695,0.2695
9,2452,0.445,0.445
8,2400,0.29,0.29
8,1606,0.2559,0.2559
6,1358,0.213,0.213
6,1306,0.1845,0.19025
7,1358,0.2125,0.21295999999999998
10,2492,0.552,0.552
8,2200,0.3825,0.3825
9,1884,0.32,0.35350000000000004
9,1456,0.2485,0.2485
8,1712,0.2865,0.2865
7,1405,0.173,0.18158333333333335
7,1456,0.184,0.1771938
6,1490,0.1678,0.1678
7,1220,0.18,0.187
7,1374,0.17,0.174125
7,1630,0.1895,0.20124999999999998
7,1594,0.1955,0.192
7,1489,0.192,0.192
7,1342,0.178,0.178
8,2004,0.2575,0.2575
7,1374,0.167,0.174125
6,1514,0.19,0.19
7,1430,0.156,0.17221999999999998
7,2312,0.245,0.245
7,1430,0.168,0.17221999999999998
8,2687,0.327,0.2985
8,2063,0.315,0.315
7,2061,0.26,0.21425
8,2232,0.26355,0.26355
8,1696,0.275,0.275
8,1658,0.2575,0.2575
8,1702,0.2755,0.2755
8,1432,0.245,0.245
9,2490,0.468,0.468
7,1436,0.225,0.2175
7,1402,0.2298,0.2120005
9,1530,0.25,0.25
8,1448,0.2385,0.2385
8,1795,0.27,0.21566666666666667
8,1836,0.2645,0.27225
7,1662,0.291,0.291
7,1553,0.2345,0.19991666666666666
7,1653,0.209,0.209
7,1218,0.159,0.19794933333333334
7,1141,0.152,0.152
6,1158,0.1435,0.14049999999999999
7,1812,0.193,0.199
8,1512,0.203,0.21700000000000003
7,1114,0.159,0.159
5,1114,0.142,0.14850000000000002
5,1114,0.153,0.14850000000000002
7,1450,0.224243,0.1781215
7,2122,0.22,0.22
6,1730,0.1715,0.1715
6,1332,0.145,0.145
7,1540,0.184,0.184
6,1400,0.162,0.15575
6,1882,0.16,0.16
5,980,0.11,0.12683333333333333
5,864,0.141,0.12003537500000001
5,864,0.122,0.12003537500000001
5,1020,0.1241,0.1277
5,912,0.129,0.12454545454545456
5,912,0.123,0.12454545454545456
8,2014,0.275,0.275
7,1755,0.235,0.235
7,3005,0.28075,0.28075
6,1726,0.222,0.222
6,1256,0.195,0.1875
6,1512,0.18,0.17516666666666666
7,1452,0.156,0.16995
8,1694,0.31875,0.30229999999999996
7,1740,0.2416,0.2513666666666667
8,2499,0.1805,0.1805
7,2067,0.206,0.206
6,2640,0.2569,0.2569
5,1336,0.163,0.16
6,1216,0.113,0.1385
7,2288,0.23,0.23
5,864,0.13,0.12003537500000001
5,1568,0.143,0.143
7,2061,0.1685,0.21425
6,1320,0.1725,0.1535
4,894,0.1415,0.12575
5,864,0.118,0.12003537500000001
4,1362,0.14,0.11800000000000001
5,1728,0.177625,0.14168055555555556
5,1313,0.153,0.153
5,1292,0.1451,0.1451
5,2140,0.1775,0.1775
6,1576,0.1745,0.1745
5,960,0.122,0.12702500000000003
6,1691,0.175,0.175
6,1453,0.1875,0.1875
6,1567,0.256,0.226
5,1144,0.15,0.13390714285714286
7,1329,0.176,0.176
6,988,0.1495,0.16475
5,1202,0.12,0.12
5,1382,0.153,0.14075
4,1200,0.144,0.15849999999999997
5,1866,0.135,0.135
6,1062,0.131,0.13890000000000002
5,1112,0.126,0.10470000000000002
5,793,0.113,0.113
5,1031,0.1455,0.1455
5,1210,0.1029,0.11345
7,1527,0.1525,0.1525
5,1200,0.1299,0.14723333333333335
3,792,0.0999,0.0999
5,1352,0.149,0.1395
4,1039,0.114,0.114
5,1078,0.125,0.13900833333333332
4,2377,0.1429,0.1429
7,1690,0.1565,0.16368333333333332
2,599,0.059,0.059
5,846,0.106,0.106
3,725,0.0785,0.0785
6,2544,0.19,0.19
6,1380,0.154,0.154
6,1040,0.163,0.14675
6,951,0.1435,0.1435
6,1105,0.135,0.135
6,1142,0.1135,0.1265
6,1133,0.1285,0.13574999999999998
5,1041,0.128,0.12625
5,732,0.1189,0.1189
5,1183,0.138,0.138
4,1461,0.1335,0.1335
6,1495,0.135,0.15230833333333335
6,1806,0.14475,0.14475
5,941,0.145,0.1371
6,1045,0.127,0.12545
6,1378,0.1289,0.1289
6,1944,0.1035,0.1035
5,1306,0.13,0.14150000000000001
5,1464,0.129,0.14833333333333334
5,1558,0.15,0.15125
4,1701,0.09455,0.09455
5,1447,0.103,0.103
5,1328,0.1295,0.14975
4,861,0.08,0.08125
2,612,0.045,0.045
5,792,0.0995,0.10450000000000001
4,1510,0.0875,0.09775
6,2007,0.16,0.16
6,1288,0.119,0.119
4,816,0.0585,0.07925
6,1480,0.119,0.119
6,1521,0.1465,0.1465
3,797,0.044,0.044
6,1432,0.149,0.149
5,1654,0.137,0.137
5,1142,0.093,0.1135
5,995,0.115,0.115
5,1582,0.15,0.16999999999999998
5,1072,0.1265,0.13383333333333333
6,1768,0.155,0.155
7,1944,0.1799,0.1799
5,2128,0.0625,0.0625
6,1930,0.149,0.149
6,1427,0.123,0.153
7,1864,0.0975,0.0975
6,1666,0.135,0.135
4,892,0.07,0.07
6,1403,0.116,0.159
4,704,0.08875,0.08875
5,1200,0.179,0.14723333333333335
5,1152,0.1599,0.1593
5,1112,0.063,0.10470000000000002
5,1052,0.1135,0.126
6,1034,0.1499,0.1576
5,1774,0.165,0.165
6,1138,0.148,0.1465
5,2071,0.165,0.165
2,660,0.0639,0.0639
4,1383,0.122,0.122
5,1073,0.1215,0.126495
6,1639,0.1544,0.13470000000000001
5,1089,0.125,0.125
5,1049,0.1395,0.1395
7,1061,0.162,0.162
6,1338,0.1565,0.12425
7,1879,0.2399,0.2399
5,2016,0.131,0.131
5,2228,0.147983,0.147983
5,1535,0.118858,0.11889333333333334
5,1229,0.148325,0.148325
5,1513,0.113722,0.125611
7,2787,0.2695,0.2695
7,2787,0.2695,0.2695
7,2787,0.2695,0.2695
9,1680,0.323262,0.323262
9,1720,0.332,0.332
8,1468,0.2399,0.24225000000000002
8,1838,0.2725,0.2725
7,1290,0.2,0.2
8,1254,0.2218,0.2218
8,1498,0.237,0.237
6,1422,0.173,0.17425
7,1759,0.2335,0.2335
5,990,0.143,0.14414285714285713
7,1463,0.207,0.207
6,1772,0.2,0.2
7,1444,0.203,0.203
7,1492,0.201,0.19652150000000002
5,907,0.14,0.135
5,914,0.1349,0.13863333333333336
7,1611,0.25,0.2229
8,2184,0.25475,0.25475
7,1725,0.1985,0.19775
7,1870,0.211,0.211
8,1513,0.22,0.22
8,1828,0.2795,0.26475000000000004
7,1417,0.21,0.21
8,1602,0.2932,0.2932
6,1396,0.17,0.1617875
4,1149,0.127,0.127
6,1072,0.1455,0.1432
4,876,0.085,0.085
5,1368,0.12,0.12
5,1678,0.1199,0.1199
5,1560,0.1035,0.135025
5,1298,0.122,0.118
5,1268,0.16,0.142125
6,1242,0.105,0.105
6,1232,0.1475,0.146
7,1228,0.137,0.137
5,1567,0.205,0.205
5,1273,0.155,0.155
7,2480,0.205,0.205
5,1112,0.1448,0.10470000000000002
6,1561,0.193,0.193
5,1523,0.158,0.158
6,1906,0.224,0.224
6,1032,0.115,0.12187500000000001
6,1229,0.137,0.12733333333333333
6,1229,0.121,0.12733333333333333
6,1982,0.208,0.208
7,2365,0.315,0.315
5,2168,0.123,0.123
4,572,0.075,0.075
8,1648,0.23,0.262232
2,810,0.057625,0.057625
8,2052,0.251,0.251
6,926,0.15645,0.15645
6,1287,0.173,0.173
5,1595,0.152,0.152
9,2036,0.41,0.41
9,1641,0.3165,0.3165
6,2237,0.204,0.204
7,1479,0.2135,0.19174999999999998
7,2014,0.17,0.17
9,1978,0.425,0.425
5,1008,0.1395,0.13916666666666666
5,1404,0.16,0.16
5,796,0.1319,0.1183
6,1091,0.13125,0.11762500000000001
5,883,0.149,0.149
5,1287,0.13,0.14600000000000002
5,1632,0.173,0.15799999999999997
6,1604,0.1875,0.18987500000000002
6,1470,0.165,0.16693750000000002
6,1604,0.1955,0.18987500000000002
6,1636,0.173,0.182
5,1384,0.1779,0.16845
8,1682,0.2479,0.2479
8,1280,0.18,0.18575
6,1633,0.183,0.183
6,1709,0.185,0.1575
8,1337,0.1885,0.18425
8,2500,0.355,0.355
9,1884,0.387,0.35350000000000004
6,1474,0.115,0.115
9,1710,0.334,0.334
6,1488,0.133,0.17166666666666666
7,1688,0.2265,0.2265
7,1260,0.1819,0.1819
7,2064,0.235,0.235
7,1782,0.22,0.22
6,1211,0.161,0.161
7,2044,0.185,0.185
5,1308,0.1469,0.1423
7,2840,0.2925,0.2925
6,1444,0.1599,0.1599
8,2340,0.306,0.306
5,1792,0.133,0.1345
4,936,0.1119,0.10093333333333333
5,864,0.123,0.12003537500000001
6,987,0.1034,0.09869166666666666
6,987,0.1005,0.09869166666666666
5,1302,0.11175,0.1123125
6,1456,0.143,0.15250125
7,1055,0.1485,0.137875
8,1582,0.3175,0.3175
8,2464,0.4175,0.4175
9,1950,0.383,0.383
9,2748,0.39,0.39
10,2790,0.46,0.46
9,2331,0.379,0.379
8,2088,0.25,0.25
8,2332,0.316,0.316
8,1575,0.284,0.284
8,2649,0.42125,0.42125
8,2690,0.37,0.37
9,1866,0.33686,0.33686
7,1367,0.192,0.192
9,1800,0.370967,0.30498349999999996
8,1342,0.23425,0.226875
8,1342,0.2195,0.226875
7,1626,0.155,0.17679999999999998
7,1455,0.195,0.195
7,1576,0.21999,0.20849499999999999
7,1246,0.187687,0.187687
6,1515,0.179,0.179
7,1720,0.188,0.2071
7,1986,0.213,0.209
7,1358,0.2173,0.21295999999999998
7,1892,0.22675,0.22675
7,1414,0.176,0.18008000000000002
7,2322,0.225,0.256301
7,1651,0.1859,0.17895
8,2199,0.2845,0.2845
9,2172,0.291,0.291
8,2006,0.35,0.35
7,2125,0.2795,0.2795
8,2501,0.29,0.29
7,2197,0.2875,0.2875
7,1578,0.24,0.24
8,1861,0.257,0.257
8,1874,0.2979,0.25895
8,1460,0.247,0.247
8,1372,0.2127,0.2127
8,1660,0.256,0.273
7,1218,0.230348,0.19794933333333334
6,1696,0.188,0.188
7,1663,0.1925,0.1925
6,1175,0.146,0.146
7,1162,0.17,0.17
6,1609,0.182,0.15313333333333334
6,1680,0.163,0.18733333333333332
7,1657,0.189,0.189
6,1677,0.1905,0.1905
7,1737,0.175,0.18908
5,984,0.128,0.12133333333333333
5,864,0.135,0.12003537500000001
5,890,0.115,0.115
5,864,0.119916,0.12003537500000001
6,1430,0.192,0.192
5,1641,0.14,0.14
6,2683,0.29,0.29
9,2786,0.3725,0.3725
7,1245,0.178,0.178
6,1200,0.165,0.15583333333333335
7,1392,0.146,0.146
6,1549,0.1729,0.1729
9,1638,0.3,0.3
9,1310,0.285,0.285
9,1419,0.29,0.29
9,1557,0.305,0.305
7,1404,0.17,0.17
7,1789,0.223,0.223
8,1586,0.17,0.17
8,1607,0.2,0.2
10,2393,0.345,0.345
8,1239,0.2175,0.2175
9,2944,0.15,0.15
8,1671,0.29,0.29
7,1812,0.205,0.199
6,1427,0.183,0.153
6,1740,0.15,0.15
7,1620,0.215,0.215
5,1625,0.1405,0.1405
5,1464,0.141,0.14833333333333334
5,925,0.135,0.12148333333333333
5,1728,0.145,0.14168055555555556
7,1670,0.17,0.20500000000000002
5,1014,0.098,0.098
5,1114,0.14,0.14850000000000002
5,1118,0.153,0.13645000000000002
4,906,0.087,0.087
5,1496,0.1415,0.1415
5,1337,0.1415,0.1415
5,1036,0.1129,0.1129
6,1988,0.227,0.227
5,1176,0.1365,0.13113333333333335
5,1440,0.185,0.146125
6,1570,0.1668,0.1668
5,1104,0.133,0.133
5,882,0.116,0.108
5,1152,0.1375,0.1593
5,950,0.13,0.12475
6,1790,0.18,0.17257499999999998
5,1764,0.1,0.1
5,1824,0.146,0.146
4,869,0.0899,0.0877
5,1159,0.114,0.136
4,672,0.0869,0.09063333333333334
5,1436,0.139,0.139
5,1044,0.139,0.09749650000000001
7,1312,0.186,0.186
6,1081,0.148,0.148
5,876,0.094,0.1105
5,1256,0.159,0.15325
5,1027,0.1259,0.1259
6,1320,0.138,0.1535
6,984,0.1125,0.10125
6,1278,0.1275,0.1275
5,1800,0.13,0.1355
5,1588,0.15,0.1810545
5,825,0.1095,0.11725
5,1117,0.13687,0.13687
6,1133,0.143,0.13574999999999998
5,1323,0.1226,0.1226
5,1360,0.111,0.126625
5,672,0.064,0.086
6,1456,0.1395,0.15250125
4,1594,0.118,0.118
4,1656,0.119164,0.119164
5,1740,0.12225,0.12225
7,1027,0.12,0.12
6,1436,0.155,0.14825
5,899,0.078,0.10400000000000001
5,1080,0.095,0.095
5,1499,0.14,0.14
2,407,0.0465,0.0465
3,1588,0.065,0.065
5,1627,0.1395,0.1395
7,1450,0.132,0.1781215
5,1017,0.114,0.114
5,2350,0.13,0.13
5,1540,0.1294,0.1294
2,1086,0.055,0.055
7,2495,0.184,0.184
5,984,0.11,0.12133333333333333
4,1093,0.1155,0.1155
5,1143,0.138,0.137
7,1668,0.108,0.144
5,1738,0.153,0.153
5,1210,0.124,0.11345
6,1290,0.1069,0.1069
6,1672,0.1649,0.1649
5,949,0.119,0.119
6,1497,0.157,0.157
6,1342,0.105,0.13325
6,1013,0.113,0.113
5,1216,0.115,0.1245
4,1136,0.123,0.123
5,808,0.0813,0.09665
7,2009,0.15,0.15
5,1902,0.1235,0.1235
6,1716,0.1625,0.17810833333333334
6,1984,0.16,0.16
6,1609,0.1275,0.15313333333333334
6,768,0.09385,0.09385
6,1536,0.136,0.156
6,1969,0.141,0.141
5,1308,0.12,0.1423
6,1040,0.1275,0.14675
6,1236,0.127,0.1429
5,759,0.085,0.085
3,1344,0.082375,0.082375
5,1054,0.124,0.124
5,1075,0.148,0.148
6,1096,0.1575,0.12056666666666667
5,992,0.145,0.1504455
6,1034,0.153,0.1576
5,1073,0.12,0.126495
5,1126,0.152,0.16233333333333333
5,1140,0.095541,0.0900205
5,960,0.1449,0.12702500000000003
6,1188,0.185,0.185
5,1721,0.145,0.16249999999999998
5,1350,0.1524,0.1524
5,904,0.144,0.12695
7,1524,0.245,0.2525
7,1079,0.1256,0.1256
5,1518,0.26,0.26
5,1509,0.1599,0.1599
5,864,0.0996,0.12003537500000001
6,1269,0.1345,0.1345
6,2814,0.26,0.26
7,1626,0.2265,0.17679999999999998
7,2200,0.225,0.225
7,2037,0.229,0.229
7,1356,0.177439,0.177439
8,1615,0.2485,0.2485
9,2276,0.475,0.475
9,1766,0.395039,0.3829585
8,1511,0.225,0.225
6,1643,0.195,0.195
5,990,0.155,0.14414285714285713
7,1418,0.226001,0.226001
6,1771,0.2157,0.2157
7,1652,0.2075,0.2053175
7,1823,0.235,0.235
5,1174,0.158,0.14650000000000002
5,1076,0.143195,0.143195
5,1558,0.163,0.15125
7,2161,0.2305,0.24695
9,1947,0.274,0.274
8,1786,0.3,0.3
7,2327,0.24,0.24
8,1764,0.207,0.207
6,848,0.145,0.14280384615384617
6,1838,0.185,0.185
7,1445,0.1865,0.1865
7,1564,0.218836,0.196668
7,1361,0.193,0.193
5,1092,0.123,0.13090000000000002
5,1033,0.165,0.165
6,1127,0.135,0.135
6,1117,0.147,0.127
6,1398,0.1605,0.16625
5,3820,0.2847,0.2847
4,1152,0.082,0.077
4,1152,0.0825,0.077
4,784,0.0919,0.0919
5,1053,0.12,0.1394
5,1137,0.096,0.096
4,930,0.099,0.09195
4,1204,0.1,0.1
4,1292,0.108,0.108
7,1424,0.168,0.168
6,1920,0.1619,0.1619
6,1316,0.145,0.157495
6,1264,0.1475,0.1475
8,1512,0.231,0.21700000000000003
6,1603,0.138,0.15695
5,1938,0.198,0.198
5,1374,0.11,0.11
6,1091,0.104,0.11762500000000001
8,1873,0.257076,0.257076
7,2161,0.2634,0.24695
5,1898,0.2365,0.2365
6,1032,0.1165,0.12187500000000001
6,919,0.126,0.1105
6,1090,0.12,0.12
5,1200,0.119,0.14723333333333335
5,1656,0.126,0.132
5,912,0.0995,0.12454545454545456
5,1955,0.1655,0.1655
4,1361,0.089,0.089
4,1049,0.0809,0.0809
4,864,0.065,0.10781346153846154
8,1648,0.294464,0.262232
7,1646,0.25,0.20700000000000002
7,2032,0.3,0.3
7,1820,0.213,0.1996
5,1872,0.1,0.1
4,1689,0.2285,0.2285
7,1501,0.2415,0.217225
8,1537,0.294,0.294
8,1780,0.264966,0.264966
5,1442,0.1725,0.1725
7,1612,0.218689,0.218689
6,1495,0.15,0.15230833333333335
6,1256,0.18,0.1875
8,1440,0.2325,0.2325
6,1675,0.195,0.188
8,1728,0.298751,0.298751
8,1964,0.37,0.311
7,1344,0.2092,0.18516666666666667
5,1092,0.146,0.13090000000000002
6,1189,0.1605,0.1605
4,1200,0.173,0.15849999999999997
5,1040,0.124,0.133
5,1475,0.1295,0.12825
4,988,0.105,0.09696666666666666
4,988,0.0949,0.09696666666666666
5,1160,0.1525,0.1525
6,1092,0.098,0.10966666666666668
5,816,0.1285,0.12051111111111111
5,845,0.1345,0.1345
5,889,0.1375,0.1375
5,1836,0.103,0.103
6,1587,0.1673,0.1673
6,1384,0.1615,0.1615
6,1694,0.16,0.14825
6,1714,0.18,0.18
7,1553,0.17875,0.19991666666666666
6,2299,0.204,0.204
7,1187,0.16,0.16
6,1642,0.168,0.1565
6,1128,0.154204,0.166102
8,1179,0.182,0.182
8,1321,0.212,0.212
8,2541,0.349265,0.349265
9,2338,0.591587,0.591587
5,1424,0.155,0.155
9,1612,0.3199,0.3199
8,2234,0.441929,0.37096450000000003
10,2042,0.455,0.455
6,1284,0.174,0.174
7,1479,0.176,0.19174999999999998
7,1664,0.213,0.18795
7,1930,0.192,0.192
6,1177,0.1515,0.1515
6,1353,0.19235,0.19235
6,1220,0.17,0.17
7,1324,0.174,0.174
6,1877,0.1789,0.1789
5,1422,0.155,0.142225
5,914,0.133,0.13863333333333336
4,914,0.128,0.128
6,1337,0.155,0.16662500000000002
6,1337,0.177,0.16662500000000002
6,1092,0.1135,0.10966666666666668
6,1218,0.1137,0.12925
7,1055,0.1425,0.137875
5,988,0.12925,0.12304166666666666
9,1816,0.356,0.356
8,1694,0.3224,0.30229999999999996
8,2122,0.345474,0.345474
9,2656,0.492,0.492
8,2550,0.338931,0.338931
10,2046,0.45,0.45
9,2552,0.479069,0.479069
9,2758,0.418,0.418
10,2290,0.500067,0.500067
8,2152,0.260116,0.260116
8,2100,0.3195,0.3195
9,1802,0.372,0.372
8,2956,0.342,0.342
8,2385,0.35,0.35
8,1818,0.2815,0.2815
7,1614,0.2457,0.23073333333333335
8,1721,0.232698,0.232698
8,1828,0.25,0.26475000000000004
6,1302,0.204,0.18733333333333335
6,1302,0.2,0.18733333333333335
6,1362,0.207,0.173175
8,1554,0.2095,0.2095
9,1577,0.28,0.28
8,1324,0.22137,0.237685
7,1405,0.2,0.18158333333333335
6,1496,0.181755,0.181755
6,1536,0.176,0.156
7,1458,0.168165,0.168165
6,1495,0.171925,0.15230833333333335
6,1746,0.198444,0.198444
6,1326,0.203,0.188595
6,1504,0.166,0.166
7,1456,0.177594,0.1771938
7,1258,0.1735,0.173
8,1589,0.2265,0.2265
7,1266,0.185485,0.17379333333333333
7,1119,0.1885,0.1885
7,1374,0.175,0.174125
7,1525,0.20658,0.22079
7,1394,0.1655,0.1655
7,1948,0.211,0.203
7,1995,0.2195,0.22825
6,1690,0.187,0.184
6,1644,0.185,0.176
8,2551,0.3845,0.3845
9,3078,0.41,0.41
8,2582,0.3225,0.3225
7,2385,0.252,0.252
8,2202,0.263,0.263
8,2538,0.33,0.33
7,1369,0.213133,0.213133
8,1542,0.260261,0.260261
8,1534,0.215,0.215
10,1966,0.419005,0.419005
7,1528,0.235876,0.235876
8,1538,0.26,0.26
7,1506,0.249,0.231245
7,1977,0.25,0.25
8,1830,0.2213,0.2213
8,1338,0.2089,0.2112
7,1335,0.2104,0.2104
8,1792,0.255,0.255
5,1588,0.212109,0.1810545
8,1880,0.310013,0.310013
8,1584,0.261329,0.261329
8,1685,0.253,0.253
6,2443,0.265,0.265
6,1100,0.146,0.146
7,1143,0.147,0.1617
5,1094,0.149,0.149
7,1486,0.181,0.181
6,1820,0.19175,0.19175
6,1266,0.128,0.128
5,894,0.12075,0.12874583333333334
5,1040,0.145,0.133
7,2503,0.3,0.3
5,1037,0.129,0.129
6,1055,0.147,0.147
8,1378,0.214,0.214
8,1151,0.166,0.166
8,1565,0.1938,0.1938
7,1352,0.194,0.20145000000000002
8,1550,0.2075,0.2075
6,1501,0.1765,0.17104999999999998
6,1573,0.177,0.17725
7,1358,0.204,0.21295999999999998
8,2048,0.301,0.301
8,2362,0.3125,0.3125
8,1494,0.2797,0.27485000000000004
7,2362,0.255,0.255
8,2497,0.373,0.373
6,1152,0.14345,0.150975
6,2411,0.24005,0.24005
6,1082,0.1625,0.14085
6,1295,0.164,0.164
7,1610,0.185,0.185
7,1594,0.1885,0.192
7,2075,0.255,0.255
6,1093,0.1585,0.1585
6,1052,0.127,0.14100000000000001
5,1107,0.127,0.127
4,1224,0.103,0.10239999999999999
5,1074,0.124,0.13874999999999998
5,1187,0.1405,0.1405
5,964,0.1375,0.15050000000000002
5,894,0.1176,0.12874583333333334
7,1200,0.1635,0.15700742857142855
6,1042,0.161,0.161
6,2154,0.2245,0.2245
6,1374,0.147,0.147
6,1652,0.2,0.2
5,908,0.1385,0.1385
3,666,0.0645,0.0645
3,670,0.064,0.064
5,808,0.112,0.09665
5,1150,0.144,0.13975
5,1560,0.126,0.135025
5,1280,0.175,0.175
6,1254,0.1585,0.1585
6,936,0.141,0.1405
5,1008,0.131,0.13916666666666666
5,1053,0.1421,0.1394
5,1144,0.12,0.13390714285714286
6,1721,0.17485,0.187925
5,922,0.116,0.116
5,1411,0.13,0.13
5,1216,0.1295,0.1245
5,1154,0.142,0.148
5,1560,0.1286,0.135025
6,948,0.125,0.107
6,1040,0.136,0.14675
5,925,0.127,0.12148333333333333
4,1540,0.115,0.115
5,925,0.1169,0.12148333333333333
4,1647,0.153,0.153
5,924,0.1125,0.11513333333333332
4,1544,0.138,0.138
5,1728,0.156,0.14168055555555556
5,3086,0.3016,0.25105
4,1281,0.1285,0.1285
5,1534,0.148,0.148
7,1651,0.172,0.17895
5,888,0.12,0.12
6,952,0.1285,0.12475
5,1238,0.102,0.102
5,1040,0.152,0.133
5,1170,0.14,0.14
5,1242,0.152,0.152
5,1377,0.1565,0.1565
5,925,0.099,0.12148333333333333
5,864,0.1255,0.12003537500000001
5,936,0.13,0.12466666666666669
5,960,0.103,0.12702500000000003
6,1296,0.1275,0.1275
5,1022,0.0895,0.10466666666666667
5,967,0.0999,0.0999
5,1072,0.13,0.13383333333333333
5,1174,0.135,0.14650000000000002
4,1141,0.085,0.085
4,1798,0.137,0.137
8,1772,0.1849,0.1849
6,1642,0.145,0.1565
5,1232,0.114,0.128125
6,1650,0.1441,0.197432
5,1358,0.1245,0.1245
7,2454,0.185,0.185
4,968,0.1045,0.08449999999999999
4,1382,0.11,0.129
5,1060,0.1365,0.14013333333333333
5,1435,0.12825,0.12825
5,1274,0.135,0.1355
6,1232,0.128,0.146
5,884,0.113,0.133
6,1409,0.126,0.126
5,1322,0.132,0.132
5,1426,0.13175,0.13175
5,1281,0.1325,0.1325
6,2264,0.2,0.2
6,1376,0.165,0.14225
5,1316,0.09,0.11
7,1344,0.14,0.18516666666666667
5,1173,0.113,0.113
5,1214,0.117,0.13333333333333333
6,2294,0.2025,0.2025
7,1952,0.2123,0.2123
6,2180,0.161,0.161
4,1315,0.0995,0.0995
7,2267,0.219,0.219
5,1282,0.1085,0.1085
5,999,0.13,0.13233333333333333
5,1452,0.15845,0.15845
4,1005,0.1154,0.1152
5,1020,0.165,0.1277
5,1040,0.123,0.133
5,868,0.1199,0.1199
5,897,0.115,0.115
5,943,0.1345,0.13523000000000002
5,912,0.129,0.12454545454545456
5,1375,0.187,0.187
5,2654,0.158,0.158
7,1302,0.16525,0.1708675
6,1299,0.15,0.16675
5,1176,0.137,0.13113333333333335
4,998,0.0895,0.0895
6,1522,0.182,0.182
5,1325,0.216,0.216
5,1630,0.13,0.13
4,1242,0.1099,0.1099
6,2422,0.255,0.255
6,1626,0.154,0.154
5,864,0.118,0.12003537500000001
4,943,0.08,0.08
5,1038,0.13,0.13
5,1342,0.125,0.125
5,1480,0.1365,0.1365
4,1362,0.096,0.11800000000000001
6,1822,0.2285,0.2285
7,1958,0.22,0.235
8,1651,0.25,0.24825
8,2140,0.36,0.36
8,1651,0.2465,0.24825
7,1546,0.217,0.217
8,1500,0.212999,0.212999
7,1270,0.1759,0.1759
7,1795,0.191,0.191
7,1873,0.207,0.22125
8,1743,0.279,0.279
5,1022,0.1395,0.10466666666666667
6,1308,0.175,0.175
5,990,0.146,0.14414285714285713
5,1097,0.1479,0.14645
7,1873,0.2355,0.22125
7,1753,0.217,0.217
7,1690,0.19055,0.16368333333333332
7,1842,0.2175,0.2175
5,894,0.131,0.12874583333333334
5,1025,0.1535,0.13874999999999998
5,1009,0.16,0.16
5,1040,0.1349,0.133
5,907,0.13,0.135
5,879,0.12,0.1
5,864,0.127,0.12003537500000001
4,875,0.117,0.117
7,1673,0.27,0.27
7,1932,0.213,0.213
7,1729,0.2,0.2
8,1592,0.228,0.228
8,2439,0.275,0.275
7,1992,0.211,0.211
8,1341,0.2469,0.2469
7,1476,0.1794,0.1794
7,1190,0.1735,0.1735
6,1330,0.16784,0.16784
7,1491,0.168675,0.168675
5,1536,0.167,0.1527
5,936,0.1185,0.12466666666666669
4,1088,0.11,0.11
5,1351,0.122,0.122
6,1179,0.11,0.11
6,1044,0.1335,0.1335
5,2233,0.141,0.141
5,1408,0.1715,0.1715
6,1072,0.14,0.1432
5,960,0.13175,0.12702500000000003
4,1152,0.0615,0.077
5,1195,0.0985,0.0985
6,865,0.1085,0.1085
4,768,0.125,0.125
4,864,0.079275,0.10781346153846154
5,2592,0.15,0.15
5,1422,0.1365,0.142225
6,1298,0.1465,0.16325
7,1098,0.1485,0.1485
6,1436,0.1415,0.14825
6,1461,0.135,0.135
7,1718,0.238,0.2115
5,1226,0.1535,0.1535
4,1755,0.188,0.188
5,1355,0.14,0.13375
6,1560,0.201,0.1783
6,1488,0.215,0.17166666666666666
6,1045,0.1239,0.12545
4,1680,0.17,0.17
8,1020,0.2,0.2
7,1696,0.198,0.198
6,1215,0.141,0.148
5,1601,0.12985,0.13492500000000002
5,816,0.0752,0.12051111111111111
2,845,0.068104,0.068104
5,1991,0.1196,0.1196
4,1073,0.14,0.14
5,1001,0.1249,0.1249
8,1625,0.375,0.305
6,1299,0.1835,0.16675
5,1392,0.215,0.1455
7,1409,0.245,0.245
7,1478,0.21,0.216
7,918,0.148,0.148
6,1026,0.143,0.14866666666666664
7,1501,0.244,0.217225
6,2279,0.257,0.257
7,1689,0.231713,0.2400205
8,1564,0.2673,0.2673
7,1240,0.174,0.184
8,1312,0.1805,0.1805
8,1922,0.282,0.282
6,1491,0.178,0.178
7,2486,0.2799,0.2799
10,1824,0.392,0.392
3,2034,0.13,0.13
6,936,0.14,0.1405
4,1092,0.0855,0.08091933333333333
4,992,0.1065,0.1065
4,1092,0.0939,0.08091933333333333
4,1092,0.07519,0.08091933333333333
5,1008,0.1535,0.13916666666666666
6,1356,0.188,0.188
5,1676,0.196,0.196
5,1432,0.157,0.161
5,796,0.138,0.1183
4,1608,0.08,0.08
5,1178,0.135,0.14600000000000002
5,816,0.139,0.12051111111111111
5,887,0.1245,0.1245
6,1293,0.1499,0.1499
6,1024,0.1575,0.1575
5,1797,0.169,0.169
6,1390,0.252,0.252
7,1851,0.1921,0.1921
6,1525,0.1835,0.18025
6,1671,0.17,0.18099999999999997
6,1776,0.202,0.202
8,2064,0.25,0.25
7,2212,0.309,0.309
8,2687,0.27,0.2985
6,1169,0.1835,0.1835
8,1204,0.13,0.13
9,2798,0.457347,0.457347
10,3390,0.545224,0.545224
9,2473,0.356383,0.356383
10,2698,0.535,0.535
9,2795,0.401179,0.401179
9,1714,0.318,0.318
9,2000,0.47,0.47
6,1102,0.169,0.169
7,1857,0.1889,0.1889
7,1083,0.172,0.172
7,2318,0.294323,0.294323
6,1875,0.1845,0.1845
6,1103,0.155,0.13275
4,874,0.0975,0.0975
6,1419,0.19,0.19
6,1092,0.1055,0.10966666666666668
5,1365,0.1255,0.12433333333333334
6,1030,0.116,0.116
6,948,0.089,0.107
6,1092,0.108,0.10966666666666668
6,1069,0.1463,0.13793333333333335
5,1387,0.145,0.119
7,1055,0.1375,0.137875
6,1456,0.144,0.15250125
9,2589,0.412083,0.412083
8,1618,0.252,0.252
7,1740,0.293,0.2513666666666667
9,1868,0.415,0.415
9,2206,0.3,0.3
9,2091,0.3385,0.3385
8,2253,0.344133,0.344133
8,2389,0.298236,0.298236
8,2358,0.3299,0.22595
9,1792,0.372397,0.3731985
9,1780,0.378,0.378
8,1914,0.279,0.279
9,1565,0.2825,0.2825
9,1686,0.3322,0.3322
9,1666,0.31009,0.31009
6,1456,0.17044,0.15250125
7,1492,0.169985,0.19652150000000002
6,1326,0.17419,0.188595
8,2373,0.258,0.258
7,1492,0.185101,0.19652150000000002
7,1364,0.21025,0.19805
7,1511,0.24699,0.24699
7,1548,0.225,0.215
7,1142,0.15682,0.15682
7,1598,0.20149,0.20149
6,1889,0.215,0.215
7,2322,0.287602,0.256301
8,1976,0.286,0.363
8,2234,0.3,0.37096450000000003
9,2855,0.405,0.405
8,2726,0.35,0.35
9,3500,0.5845,0.5845
8,2494,0.321,0.321
8,2799,0.315,0.315
8,1964,0.252,0.311
8,1670,0.33682,0.33682
8,1504,0.199,0.199
8,1278,0.1986,0.1986
9,2640,0.405749,0.405749
6,1716,0.200825,0.17810833333333334
6,1142,0.1395,0.1265
7,1400,0.1868,0.1868
6,1131,0.132,0.132
7,1686,0.184,0.184
7,1585,0.1849,0.1849
6,1837,0.187,0.187
6,1731,0.2485,0.2485
6,1398,0.172,0.16625
6,1217,0.151,0.1355
6,1320,0.15,0.1535
5,988,0.1295,0.12304166666666666
6,1654,0.1195,0.1195
5,1211,0.144,0.139
5,984,0.126,0.12133333333333333
5,909,0.116,0.116
5,925,0.1335,0.12148333333333333
5,1024,0.120875,0.120875
5,912,0.124,0.12454545454545456
5,941,0.1292,0.1371
7,2646,0.26,0.26
8,2826,0.334,0.334
7,1143,0.1764,0.1617
7,1223,0.1499,0.14865
6,1524,0.166,0.166
7,1080,0.139,0.14237
7,1694,0.2,0.2
8,1568,0.221,0.221
5,1193,0.1465,0.1465
7,1334,0.1645,0.1645
5,1051,0.142,0.13319999999999999
5,1770,0.155,0.155
6,976,0.1575,0.1575
5,898,0.14,0.14
5,1051,0.1244,0.13319999999999999
5,1141,0.158,0.158
6,1565,0.1859,0.1859
6,1488,0.167,0.17166666666666666
5,1440,0.1575,0.146125
5,1248,0.1515,0.11066666666666665
6,816,0.1298,0.12293333333333333
5,1043,0.137,0.137
5,1433,0.161,0.161
5,1624,0.1465,0.1465
5,1216,0.135,0.1245
5,1728,0.137,0.14168055555555556
5,936,0.121,0.12466666666666669
5,1584,0.119,0.1215
6,1246,0.172,0.172
6,1008,0.135,0.135
5,1364,0.132,0.132
6,1336,0.162,0.162
5,1370,0.148,0.148
6,1124,0.153,0.153
6,1050,0.156,0.156
5,1008,0.1395,0.13916666666666666
6,1575,0.155,0.1671
5,1145,0.127,0.127
5,1005,0.1335,0.1335
5,1056,0.125,0.13808
5,884,0.142,0.133
7,2039,0.167,0.167
5,1384,0.159,0.16845
5,2640,0.18,0.18
6,1312,0.127,0.127
3,713,0.0998,0.0998
3,715,0.068,0.068
4,720,0.0869,0.0609
6,1595,0.1555,0.14775
4,1760,0.08,0.08
6,1146,0.165,0.165
6,1207,0.147,0.147
6,1773,0.183,0.183
7,1472,0.1575,0.16833333333333333
7,2448,0.2775,0.2775
4,1521,0.1475,0.1475
3,1040,0.0814,0.08882499999999999
5,1556,0.119,0.119
5,1150,0.146,0.13975
7,1045,0.12,0.12
5,864,0.105,0.12003537500000001
5,1025,0.124,0.13874999999999998
5,2014,0.169,0.169
5,1668,0.135,0.135
4,1657,0.1115,0.1115
6,1416,0.1565,0.15876666666666664
7,1428,0.1399,0.18319333333333332
7,1004,0.105,0.105
4,1951,0.1115,0.1115
6,1032,0.108,0.12187500000000001
5,844,0.1115,0.1115
4,864,0.105,0.10781346153846154
3,1376,0.0969,0.0969
5,960,0.1355,0.12702500000000003
5,1566,0.139,0.139
3,492,0.0615,0.0615
6,1182,0.12,0.12
3,840,0.064,0.064
7,2104,0.155,0.155
5,1248,0.0935,0.11066666666666665
5,960,0.125,0.12702500000000003
3,1020,0.0645,0.0645
6,1827,0.2025,0.2025
3,1162,0.075,0.075
5,1324,0.11,0.11
5,816,0.109,0.12051111111111111
6,2486,0.22,0.22
4,1430,0.107,0.107
5,1330,0.1165,0.1165
5,819,0.072,0.072
6,984,0.09,0.10125
5,1422,0.1375,0.142225
6,1921,0.15,0.15
5,1640,0.131,0.131
5,1032,0.125,0.125
5,879,0.08,0.1
7,1073,0.157,0.157
5,1064,0.1536,0.14429999999999998
6,934,0.132,0.132
5,1059,0.1425,0.1425
5,1458,0.165,0.165
6,1040,0.1605,0.14675
5,1967,0.1565,0.1565
5,1949,0.157,0.157
5,872,0.105,0.105
7,1830,0.278,0.278
5,1000,0.164,0.164
5,810,0.13,0.13
7,1700,0.1484,0.1484
4,1350,0.146,0.146
5,1150,0.128,0.13975
6,2009,0.235,0.235
6,3672,0.415,0.415
5,1560,0.182,0.135025
5,1488,0.135,0.135
5,1057,0.137,0.126
6,1609,0.1499,0.15313333333333334
6,2559,0.209,0.209
6,1440,0.2245,0.2037
7,1876,0.2298,0.2298
7,1208,0.1836,0.19499999999999998
6,1846,0.233555,0.1882775
8,1590,0.2949,0.25245
7,1809,0.2097,0.2097
7,1614,0.225,0.23073333333333335
7,1596,0.181,0.181
6,1388,0.1589,0.1582
5,1100,0.145,0.145
6,1499,0.187,0.187
7,1425,0.193,0.193
7,1749,0.196,0.196
7,1779,0.217,0.20745
6,1388,0.1575,0.1582
6,1282,0.174,0.174
5,864,0.1199,0.12003537500000001
7,1762,0.222,0.1895
6,1755,0.214,0.214
8,1358,0.22,0.22
7,1909,0.197,0.197
8,2214,0.2685,0.2685
7,2049,0.2109,0.2109
7,1939,0.227,0.227
7,1995,0.237,0.22825
6,848,0.133,0.14280384615384617
7,1390,0.207,0.207
7,1737,0.20316,0.18908
7,1611,0.1958,0.2229
7,1336,0.198,0.198
4,1436,0.098,0.098
6,1012,0.1275,0.12295
5,1176,0.1199,0.13113333333333335
7,1724,0.1965,0.19225
6,914,0.11725,0.11725
7,2314,0.229,0.229
6,1072,0.1425,0.1432
7,1709,0.13,0.1325
4,936,0.0979,0.10093333333333333
6,1338,0.092,0.12425
4,1669,0.107,0.107
4,1482,0.125,0.125
4,1414,0.083,0.083
2,498,0.035,0.035
4,1273,0.121,0.121
5,1551,0.137,0.137
6,1340,0.128,0.128
7,1479,0.16,0.19174999999999998
6,1510,0.149,0.149
7,1636,0.167,0.167
5,1465,0.131,0.131
5,1288,0.112,0.112
6,1550,0.195,0.195
5,1717,0.194,0.194
7,1671,0.218,0.218
7,1609,0.1995,0.1995
6,1801,0.21,0.21
5,2315,0.257,0.257
5,976,0.102,0.102
6,1285,0.1454,0.15963333333333332
4,672,0.072,0.09063333333333334
4,641,0.085,0.085
6,1638,0.139,0.1655
3,729,0.051689,0.0518445
5,1396,0.115,0.115
3,936,0.078,0.078
8,1778,0.375,0.375
8,1646,0.3,0.2725954
6,1625,0.2425,0.2425
6,1664,0.145,0.1588
8,1491,0.209,0.209
6,1210,0.148,0.148
6,1650,0.250764,0.197432
6,1403,0.202,0.159
8,1960,0.32,0.32
9,1838,0.3599,0.33745
1,1600,0.0815,0.0815
7,1368,0.215,0.20672166666666666
5,1304,0.1045,0.10975
5,874,0.1265,0.12883333333333333
5,1652,0.1465,0.14275
4,630,0.073,0.08
4,1092,0.0794,0.08091933333333333
5,1360,0.14,0.126625
4,1092,0.08755,0.08091933333333333
4,1092,0.0795,0.08091933333333333
4,1092,0.0905,0.08091933333333333
4,1092,0.071,0.08091933333333333
5,1224,0.131,0.13061233333333333
5,970,0.132,0.13225
7,2000,0.188,0.188
